transaction_id,timestamp,user_id,merchant_id,amount,country,device_id,is_new_device,failed_attempts_last_10min,transactions_last_10min,user_avg_amount_30d,last_country,triggered_rules,rule_count,decision
98f1563b-8ba9-42aa-84b3-ab4d3c7551d8,2026-02-27T17:55:40.101050,user_43,merchant_5,162.01,DE,device_39,False,2,4,146.81,IE,['new_country_24h'],1,SEND_TO_ML
54a45e4d-c317-4882-95d1-e1e4942c6b0a,2026-03-01T09:29:40.101050,user_31,merchant_10,123.62,IE,device_21,False,4,4,99.85,IE,['too_many_failed_attempts'],1,SEND_TO_ML
47217a4d-7c48-4729-b204-bb9d255fb27e,2026-03-02T19:23:40.101050,user_17,merchant_9,44.55,IN,device_76,False,5,2,73.67,IN,['too_many_failed_attempts'],1,SEND_TO_ML
36ca6671-0427-489d-8bfd-2e784241ab52,2026-03-03T06:16:40.101050,user_38,merchant_3,192.98,IN,device_59,True,2,0,113.63,DE,['new_country_24h'],1,SEND_TO_ML
b1eaac45-6214-4cc8-bf2a-adbe06482ea6,2026-03-05T01:37:40.101050,user_24,merchant_12,79.67,IN,device_29,False,3,2,111.73,IN,['too_many_failed_attempts'],1,SEND_TO_ML
fa740307-5fcc-40c1-b0ee-a81a0b107281,2026-03-06T08:50:40.101050,user_4,merchant_16,76.66,IN,device_17,True,0,0,93.89,IN,[],0,APPROVE
3935c526-04ac-43de-ae69-4248029b504e,2026-03-05T11:43:40.101050,user_50,merchant_11,394.73,UK,device_73,True,0,3,199.41,UK,[],0,APPROVE
f6086241-afd0-42ff-859f-d44c78377223,2026-03-02T02:13:40.101050,user_7,merchant_1,77.51,IN,device_129,True,0,8,96.47,IN,['velocity_spike'],1,SEND_TO_ML
1a2b8822-86ab-4a54-a536-f8c244942864,2026-03-04T11:35:40.101050,user_40,merchant_7,253.82,DE,device_68,True,2,1,183.48,DE,[],0,APPROVE
2773d797-f27b-4744-bd54-6578d432a338,2026-03-03T18:57:40.101050,user_30,merchant_8,91.08,UK,device_21,True,2,0,109.51,UK,[],0,APPROVE
95375d9f-d0bb-47ec-a71e-22d5121f680f,2026-03-06T11:41:40.101050,user_14,merchant_12,261.95,FR,device_178,True,4,0,189.9,FR,['too_many_failed_attempts'],1,SEND_TO_ML
62cd624d-1811-429f-9bd7-26a6d68ab4f4,2026-03-01T18:04:40.101050,user_6,merchant_8,206.22,DE,device_43,False,2,4,161.6,DE,[],0,APPROVE
adc02d7b-7977-4ad9-acef-073eed7f9111,2026-03-04T19:25:40.101050,user_44,merchant_9,261.37,FR,device_162,False,0,3,133.53,FR,[],0,APPROVE
079821d1-23b5-4502-9987-5827abd82ab4,2026-02-28T20:15:40.101050,user_15,merchant_13,17.32,FR,device_181,True,2,9,26.57,FR,['velocity_spike'],1,SEND_TO_ML
2ec80bbb-023b-4e3b-81cf-30685723168f,2026-03-01T22:07:40.101050,user_48,merchant_20,81.24,UK,device_114,True,0,4,138.61,UK,[],0,APPROVE
e547d5eb-102c-4faa-839e-a58f59b37be8,2026-02-28T09:29:40.101050,user_37,merchant_7,44.48,FR,device_22,True,1,3,39.82,FR,[],0,APPROVE
2ddbd8fb-4bd5-4d6a-83c1-9fa3ed507266,2026-03-04T22:20:40.101050,user_16,merchant_8,160.32,UK,device_11,False,0,3,123.85,UK,[],0,APPROVE
84c8d0de-d043-47b6-8115-a3754652cbfd,2026-02-28T14:26:40.101050,user_44,merchant_14,64.2,IE,device_143,True,1,1,101.89,IE,[],0,APPROVE
70066bfc-6ee7-47b3-ae10-b80a7f088ba9,2026-02-28T04:48:40.101050,user_6,merchant_1,168.71,DE,device_78,True,1,3,92.54,DE,[],0,APPROVE
d2f5d87f-234e-4883-ab9a-2456698910b8,2026-03-03T10:50:40.101050,user_22,merchant_13,183.11,UK,device_155,False,2,8,170.29,UK,['velocity_spike'],1,SEND_TO_ML
4b3c21c5-1462-400e-9250-7247d4301cd5,2026-03-06T08:48:40.101050,user_38,merchant_1,153.26,DE,device_94,True,3,3,100.74,DE,['too_many_failed_attempts'],1,SEND_TO_ML
71d2a4f1-a1ad-4df3-abac-d24851ae1343,2026-03-01T13:22:40.101050,user_33,merchant_11,205.86,FR,device_158,True,0,4,108.53,FR,[],0,APPROVE
e41dacd9-7a3e-454c-8bf6-bec1f73d846a,2026-03-04T15:47:40.101050,user_44,merchant_16,68.4,DE,device_180,True,1,0,65.84,DE,[],0,APPROVE
6cb89ba9-3d06-4f84-95c6-af844594ee08,2026-03-03T03:28:40.101050,user_48,merchant_14,170.72,IN,device_187,True,2,3,150.56,IN,[],0,APPROVE
26ab8d3e-c07f-4114-be10-e58953895f56,2026-03-03T23:35:40.101050,user_30,merchant_5,98.65,UK,device_12,True,0,2,65.55,UK,[],0,APPROVE
a1a9ead0-4b93-4576-a001-43198a1cfdca,2026-03-03T05:42:40.101050,user_4,merchant_7,67.66,DE,device_124,False,1,3,106.27,DE,[],0,APPROVE
a9c7e0e1-133c-4cc6-8ff7-5f494b847ba3,2026-03-03T19:00:40.101050,user_5,merchant_18,220.92,IN,device_117,True,0,4,130.5,IN,[],0,APPROVE
1c6f34d8-c444-49b5-9374-acafaeb0c9cc,2026-03-04T00:06:40.101050,user_9,merchant_8,552.44,IE,device_128,True,2,4,150.88,IE,"['amount_spike', 'new_device_high_amount']",2,SEND_TO_ML
880126b3-7ee3-4d0e-a195-2f5fa3bb10b4,2026-03-03T01:40:40.101050,user_43,merchant_3,99.72,IE,device_59,True,5,1,185.56,IE,['too_many_failed_attempts'],1,SEND_TO_ML
800b176a-1786-47e0-8c99-a6974d714fcc,2026-03-05T19:46:40.101050,user_3,merchant_13,241.8,UK,device_97,True,0,2,55.56,UK,"['amount_spike', 'new_device_high_amount']",2,SEND_TO_ML
10e0b60e-ebf6-4d80-ad36-e247238a8d95,2026-03-04T19:55:40.101050,user_15,merchant_14,98.59,FR,device_191,False,2,1,25.2,FR,['amount_spike'],1,SEND_TO_ML
0da67f91-ccbb-408e-b2e7-5d4bbf9601d2,2026-03-06T14:50:40.101050,user_23,merchant_8,38.14,FR,device_11,True,1,4,20.62,FR,[],0,APPROVE
2886c98d-051c-45c9-8ca2-1df7afb6e52a,2026-02-28T03:10:40.101050,user_23,merchant_9,112.46,DE,device_168,True,6,3,25.49,DE,"['too_many_failed_attempts', 'amount_spike', 'new_device_high_amount']",3,STEP_UP
3fbc9a52-137d-4ba7-b807-a8c7b9a7d42c,2026-03-06T08:45:40.101050,user_40,merchant_7,205.32,IE,device_172,True,0,2,191.12,IE,[],0,APPROVE
8a9fe211-9ab7-4748-b3d5-850d26e6a8bc,2026-03-02T12:41:40.101050,user_26,merchant_1,243.11,DE,device_137,True,1,0,170.93,DE,[],0,APPROVE
14942461-7b85-4590-94e7-d0a4893d5b68,2026-03-03T17:55:40.101050,user_18,merchant_13,98.3,IE,device_138,True,2,4,84.65,IE,[],0,APPROVE
a1564585-b109-4742-9d42-cfddba09f743,2026-03-02T11:12:40.101050,user_32,merchant_6,37.22,FR,device_118,True,1,2,54.83,FR,[],0,APPROVE
bfe32a57-f779-4781-9462-8d5f47eaf693,2026-03-03T04:02:40.101050,user_15,merchant_16,341.96,FR,device_157,True,1,1,173.79,FR,[],0,APPROVE
532ade4d-86cb-44f8-875f-96e59aef1afc,2026-03-02T21:26:40.101050,user_24,merchant_7,87.6,DE,device_79,False,2,6,71.49,DE,['velocity_spike'],1,SEND_TO_ML
c9cd4995-d722-4b5a-a5c0-1fdf31d4bc62,2026-03-01T07:18:40.101050,user_6,merchant_12,139.8,UK,device_139,False,2,3,84.73,IE,['new_country_24h'],1,SEND_TO_ML
b273068d-6d25-4a74-ae3f-1e2e57e1b35e,2026-03-02T13:26:40.101050,user_4,merchant_15,176.35,DE,device_114,False,0,0,190.36,DE,[],0,APPROVE
de3224d1-aed3-458a-87c6-d9fe828c8e1a,2026-03-02T02:40:40.102121,user_23,merchant_16,53.8,IN,device_140,True,2,2,101.37,IN,[],0,APPROVE
b78737de-4f01-4fc5-a8e5-5c16303d5c77,2026-02-28T04:44:40.102121,user_13,merchant_3,192.06,IN,device_188,True,1,3,174.89,IN,[],0,APPROVE
5f06974a-13e2-4aab-8323-34174cd64c4a,2026-03-02T22:44:40.102121,user_22,merchant_16,155.15,DE,device_126,True,0,0,89.09,DE,[],0,APPROVE
1403973b-1852-4065-9102-8e8facbc2f1f,2026-02-27T19:08:40.102121,user_33,merchant_8,65.62,IE,device_143,True,1,3,35.42,IE,[],0,APPROVE
1362a460-1a4e-4ca3-a031-d7605ae185c0,2026-03-02T13:02:40.102121,user_5,merchant_20,252.36,IN,device_152,False,2,0,136.47,IN,[],0,APPROVE
a00e178e-8805-48fd-a77b-7651aaa1c74e,2026-03-05T12:26:40.102121,user_28,merchant_4,108.29,IN,device_96,False,0,3,107.6,IN,[],0,APPROVE
1650a0c2-3c0e-42af-837d-8629fc4cbbe1,2026-02-28T05:30:40.102121,user_2,merchant_2,23.62,IN,device_34,False,1,4,33.46,IN,[],0,APPROVE
30312d99-4fb0-401f-94e4-b443272e0d25,2026-03-05T11:36:40.102121,user_33,merchant_7,472.86,IE,device_189,False,1,8,114.64,IE,"['amount_spike', 'velocity_spike']",2,SEND_TO_ML
572e78f4-3652-4436-957a-41f4ec0dcb2f,2026-03-04T11:13:40.102121,user_33,merchant_2,73.71,IE,device_174,True,0,2,71.81,IE,[],0,APPROVE
3c1a1eac-9376-4f16-ab12-8023c640b032,2026-03-02T05:23:40.102121,user_32,merchant_18,242.12,IN,device_49,True,0,0,168.69,DE,['new_country_24h'],1,SEND_TO_ML
556c948c-5305-426b-8cce-03620efc46af,2026-03-05T19:00:40.102121,user_41,merchant_8,72.18,IE,device_174,True,5,3,64.93,DE,"['new_country_24h', 'too_many_failed_attempts']",2,SEND_TO_ML
60220a22-0c6f-40c1-bc16-ac59e9d31dcb,2026-02-27T19:48:40.102121,user_30,merchant_14,237.56,FR,device_132,True,0,0,146.45,IN,['new_country_24h'],1,SEND_TO_ML
f6c372a4-0e60-4749-992a-bd98df07ae69,2026-03-04T04:54:40.102121,user_20,merchant_1,215.84,DE,device_200,False,3,2,169.12,DE,['too_many_failed_attempts'],1,SEND_TO_ML
b18919b0-9918-4322-8db8-ab4b644cfa2c,2026-03-06T09:54:40.102121,user_42,merchant_12,817.31,FR,device_16,True,1,3,179.75,FR,"['amount_spike', 'new_device_high_amount']",2,SEND_TO_ML
2b873a37-c09f-47e1-acdd-3599af01f920,2026-03-04T04:21:40.102121,user_35,merchant_8,44.26,FR,device_93,False,4,3,27.53,FR,['too_many_failed_attempts'],1,SEND_TO_ML
cca9e3cd-a47e-4175-b4ef-d1b92d6845e7,2026-03-02T12:13:40.102121,user_34,merchant_7,106.58,IE,device_141,True,0,3,57.35,IE,[],0,APPROVE
aa4a979e-67f1-449e-9e31-fb8b9e33dca4,2026-03-06T04:01:40.102121,user_15,merchant_16,72.68,IE,device_116,True,0,3,110.55,UK,['new_country_24h'],1,SEND_TO_ML
65ca30e5-6c33-4723-974f-26733afe0ca0,2026-03-01T12:57:40.102121,user_43,merchant_2,112.65,IE,device_96,False,1,1,144.01,IE,[],0,APPROVE
a373f8ff-4ea0-4bc2-994c-ed5335081f81,2026-03-01T19:58:40.102121,user_41,merchant_4,21.75,UK,device_139,False,6,2,29.29,UK,['too_many_failed_attempts'],1,SEND_TO_ML
560dc355-7e3f-44c4-926d-86eeaec290cc,2026-03-03T23:49:40.102121,user_6,merchant_3,217.72,IE,device_41,False,2,2,141.87,IE,[],0,APPROVE
295548ec-219a-44af-85f9-c7bcac35460c,2026-02-27T19:35:40.102121,user_41,merchant_6,323.65,FR,device_116,True,0,1,168.19,FR,[],0,APPROVE
52b6cb04-9a31-4551-8e81-162ea82df3c8,2026-03-06T15:10:40.102121,user_38,merchant_5,84.23,DE,device_49,True,0,2,88.48,DE,[],0,APPROVE
f4bc7721-1da5-4018-82a4-1231ed4397b7,2026-03-06T11:38:40.102121,user_23,merchant_17,104.8,DE,device_174,True,3,3,156.33,DE,['too_many_failed_attempts'],1,SEND_TO_ML
e2f2bc65-201a-46e2-b380-132c4c103a40,2026-03-05T19:39:40.102121,user_39,merchant_10,106.76,UK,device_93,True,2,0,182.29,UK,[],0,APPROVE
704cecfc-b0b2-4d0c-b95c-73dd585350ad,2026-03-02T19:49:40.102121,user_31,merchant_18,94.89,DE,device_53,True,1,0,55.02,DE,[],0,APPROVE
6fcb85fd-0d51-4857-ac4f-ef2d3610e86f,2026-03-02T01:56:40.102121,user_18,merchant_8,159.65,IN,device_115,False,0,4,91.25,IN,[],0,APPROVE
3dfe3204-0645-4dcc-9907-78071f186100,2026-02-28T14:01:40.102121,user_6,merchant_18,564.5,DE,device_14,True,1,4,177.16,DE,"['amount_spike', 'new_device_high_amount']",2,SEND_TO_ML
97163178-dcd3-407b-8fdd-05698085e1ba,2026-02-28T21:36:40.102121,user_19,merchant_17,99.38,DE,device_4,True,1,4,50.66,DE,[],0,APPROVE
03526d2a-d580-41af-8eaf-58cdb0ce7493,2026-03-05T00:10:40.102121,user_10,merchant_7,143.44,IN,device_59,False,1,6,152.69,IN,['velocity_spike'],1,SEND_TO_ML
ae23b697-d184-4ff0-94b9-62b3602c4709,2026-03-02T06:00:40.102121,user_5,merchant_19,201.18,UK,device_46,False,2,0,142.21,UK,[],0,APPROVE
15e59bca-c9e6-40e9-8cf0-6f05c72a6324,2026-03-01T23:05:40.102121,user_7,merchant_2,105.96,IE,device_132,True,5,1,65.64,FR,"['new_country_24h', 'too_many_failed_attempts']",2,SEND_TO_ML
e52260fa-6796-4c91-b652-20f52d0683bf,2026-03-01T16:22:40.102121,user_14,merchant_19,262.18,FR,device_13,False,6,4,149.26,FR,['too_many_failed_attempts'],1,SEND_TO_ML
0b1bc804-6d37-4749-8e3a-d25d2fd149c2,2026-03-02T20:59:40.102121,user_10,merchant_13,159.6,DE,device_1,False,3,2,99.49,DE,['too_many_failed_attempts'],1,SEND_TO_ML
cd66990c-1e5e-48f6-83db-8ba30c913128,2026-03-05T13:46:40.102121,user_7,merchant_1,135.56,UK,device_144,True,2,1,175.37,UK,[],0,APPROVE
cebd86a5-2df4-41c5-8969-3ed72227006c,2026-03-03T23:35:40.102121,user_2,merchant_3,147.47,IE,device_105,True,1,0,105.43,IE,[],0,APPROVE
06ba60a2-c708-4996-917f-682b78dc463e,2026-02-28T02:23:40.102121,user_26,merchant_14,186.8,IN,device_154,True,2,3,154.75,IN,[],0,APPROVE
24934554-0b4e-4f93-8bfc-4cd88a0dc1bc,2026-03-01T10:49:40.102121,user_32,merchant_18,268.55,UK,device_148,False,0,3,165.88,IN,['new_country_24h'],1,SEND_TO_ML
383bcb4f-f50d-44ed-83fe-9c9d557416e5,2026-03-05T05:13:40.102121,user_35,merchant_6,49.99,DE,device_157,True,0,2,54.37,DE,[],0,APPROVE
ba5165b1-fc29-4e09-b654-034c9b6204bc,2026-03-04T13:23:40.102121,user_32,merchant_15,111.74,IN,device_87,True,2,0,118.37,UK,['new_country_24h'],1,SEND_TO_ML
fe859bf3-3cbd-429b-a1db-4c7604128397,2026-03-04T21:16:40.102121,user_17,merchant_19,43.0,DE,device_126,False,0,1,23.09,DE,[],0,APPROVE
77eec4e8-2324-4bb8-bc5b-ceb9ad333470,2026-03-05T13:28:40.102121,user_12,merchant_9,100.47,IE,device_195,True,0,1,69.58,IE,[],0,APPROVE
56ebdd4e-0d6a-4442-9208-c227a40f9b16,2026-03-06T03:47:40.102121,user_1,merchant_7,374.68,FR,device_133,True,2,0,187.37,FR,[],0,APPROVE
f4dbe7a6-2460-49a2-b2f1-57749b863f1e,2026-03-03T23:47:40.102121,user_39,merchant_20,335.7,IE,device_142,True,1,2,177.12,IE,[],0,APPROVE
ff14481d-531f-461a-8af4-6c45d5b4daad,2026-03-04T00:04:40.102121,user_19,merchant_7,147.01,IN,device_133,True,0,0,96.11,IN,[],0,APPROVE
57462500-9a7a-40be-bbc2-8cb978e90ce9,2026-03-04T22:48:40.102121,user_36,merchant_13,253.35,DE,device_88,True,2,0,145.97,DE,[],0,APPROVE
9125a2e1-99f7-4559-9bbe-6b5402950b4e,2026-03-02T11:01:40.102121,user_44,merchant_10,294.34,FR,device_148,False,0,0,148.86,FR,[],0,APPROVE
f2c238e5-3bd4-478f-ade5-b6a969863bb9,2026-03-01T03:40:40.102121,user_33,merchant_14,224.87,IN,device_40,False,2,1,119.61,IN,[],0,APPROVE
1d0aee68-f6ed-4ecf-86a6-65405fa70d1b,2026-03-03T10:40:40.102121,user_22,merchant_12,67.62,IN,device_177,True,1,2,104.74,IN,[],0,APPROVE
a8061721-4d3d-4245-a5f5-e2f5329fd049,2026-03-02T12:46:40.102121,user_22,merchant_20,86.55,UK,device_168,False,1,1,67.58,UK,[],0,APPROVE
ced379d5-be56-45e7-82ec-4de9430e7125,2026-03-02T13:21:40.102121,user_17,merchant_15,154.19,FR,device_170,True,1,1,181.53,FR,[],0,APPROVE
dacbb85d-9f20-4fd6-bd85-d0d8938a204f,2026-02-27T18:38:40.102121,user_18,merchant_1,340.63,IN,device_84,True,2,4,189.25,IE,['new_country_24h'],1,SEND_TO_ML
abe3d89b-bb7e-4e35-b5d3-a62ed35e7cad,2026-02-28T19:52:40.102121,user_22,merchant_3,39.14,FR,device_56,True,1,3,27.33,FR,[],0,APPROVE
034fdb23-8baa-4990-8837-7dfa601ad49b,2026-03-01T15:44:40.102121,user_7,merchant_11,64.49,FR,device_49,True,2,1,99.6,FR,[],0,APPROVE
e8566b87-8dbb-4dba-8e76-5eba612b96a2,2026-03-01T19:10:40.102121,user_33,merchant_9,278.76,FR,device_135,False,2,4,156.82,FR,[],0,APPROVE
18f2b1f4-d4f4-409e-9f82-f4e78565722e,2026-03-03T11:33:40.102121,user_38,merchant_15,153.52,FR,device_151,True,2,0,184.07,FR,[],0,APPROVE
ae27a649-b142-4704-9964-8db45f6b180e,2026-03-01T07:25:40.102121,user_12,merchant_5,16.12,IN,device_68,True,2,0,29.69,IN,[],0,APPROVE
a69d0b60-4c44-4d1e-86e6-6cfd55fa303e,2026-03-06T14:25:40.102121,user_24,merchant_11,136.11,DE,device_190,True,0,2,138.47,IN,['new_country_24h'],1,SEND_TO_ML
26ec1a76-6bab-42ae-99ba-727c3b979045,2026-03-01T05:08:40.102121,user_32,merchant_20,119.67,FR,device_76,False,2,1,70.68,FR,[],0,APPROVE
b72295e4-fa90-4e0e-90b7-c5ea5762a6be,2026-03-03T09:41:40.102121,user_8,merchant_17,210.36,UK,device_146,False,1,0,156.15,UK,[],0,APPROVE
39ff7269-b498-4eff-b140-67e348020a6c,2026-02-28T17:55:40.102121,user_36,merchant_6,73.5,IN,device_195,False,1,9,45.06,IN,['velocity_spike'],1,SEND_TO_ML
47497077-02bf-47ef-aa93-577ae94d5106,2026-03-01T17:32:40.102121,user_14,merchant_11,32.43,IN,device_157,True,0,9,57.92,IN,['velocity_spike'],1,SEND_TO_ML
764635db-7e67-4891-aef5-d14017f92ebd,2026-03-01T11:31:40.102121,user_47,merchant_3,208.77,IE,device_169,True,0,1,128.93,IE,[],0,APPROVE
893ee6c2-787f-4420-978d-f55abf9a3726,2026-03-03T12:20:40.102121,user_11,merchant_11,128.84,DE,device_172,False,2,3,87.1,DE,[],0,APPROVE
1578e9f0-587b-4dbf-86ab-e77b5615ff23,2026-03-02T19:14:40.102121,user_8,merchant_15,63.0,UK,device_92,False,6,2,40.61,UK,['too_many_failed_attempts'],1,SEND_TO_ML
6294ae83-781f-4241-9aec-a83835425d0a,2026-03-05T20:22:40.102121,user_39,merchant_15,103.53,IN,device_154,False,2,4,57.5,IN,[],0,APPROVE
e17100a0-2e1b-417e-8eab-ab73554c2f22,2026-03-03T02:05:40.102121,user_41,merchant_6,12.32,DE,device_70,False,0,1,23.27,DE,[],0,APPROVE
899c1eed-00db-48a1-9fb3-0b1c03452ab6,2026-02-27T19:53:40.102121,user_6,merchant_2,167.29,IN,device_185,True,0,7,143.58,IE,"['new_country_24h', 'velocity_spike']",2,SEND_TO_ML
161aa89e-1b58-4a07-970b-f5d28429008c,2026-03-02T04:18:40.102121,user_20,merchant_14,49.67,IE,device_50,False,6,4,69.73,IE,['too_many_failed_attempts'],1,SEND_TO_ML
28cc0d43-6ae9-4a66-9ed9-6920187b8ca0,2026-03-02T13:32:40.102121,user_33,merchant_8,173.89,UK,device_40,True,1,1,103.81,FR,['new_country_24h'],1,SEND_TO_ML
6505d0af-dba4-43c4-bc88-ed8c394057ac,2026-03-05T05:35:40.102121,user_9,merchant_20,82.79,IE,device_62,False,1,3,44.02,IE,[],0,APPROVE
e26cfc80-28fd-40d4-afde-d7ac4b6efcd8,2026-03-06T15:39:40.102121,user_28,merchant_2,199.52,FR,device_140,True,1,2,147.44,FR,[],0,APPROVE
77d6d8e3-6a13-4031-986f-313f49ec69e9,2026-03-04T18:48:40.102121,user_25,merchant_18,171.3,IN,device_190,True,0,1,174.38,IN,[],0,APPROVE
68e2e730-33cd-4b89-ab46-f392607ae5f6,2026-02-28T14:11:40.102121,user_44,merchant_20,182.31,FR,device_193,False,2,1,105.57,FR,[],0,APPROVE
24887f2e-9b6a-4006-90cc-89d9a1659a35,2026-03-01T23:56:40.102121,user_33,merchant_15,24.34,DE,device_106,False,2,1,29.51,DE,[],0,APPROVE
eb82f603-22ed-4869-b521-4cb26c1ae45b,2026-03-01T08:07:40.102121,user_38,merchant_20,24.45,IN,device_81,False,0,3,46.09,IN,[],0,APPROVE
18f32072-f1d2-4482-9950-fa3177f63aa5,2026-03-04T10:44:40.102121,user_5,merchant_19,65.98,UK,device_101,True,2,3,44.43,UK,[],0,APPROVE
1c3901d9-346d-4784-ae0d-8bca0af1ff8d,2026-03-03T21:07:40.102121,user_10,merchant_12,191.87,UK,device_77,False,2,1,110.93,DE,['new_country_24h'],1,SEND_TO_ML
6cf50fc0-65bd-4f06-8e19-1b294003858d,2026-03-04T14:09:40.102121,user_34,merchant_17,88.5,UK,device_154,True,2,3,111.13,UK,[],0,APPROVE
7a847837-6e0c-44a2-863b-92caa10b2756,2026-02-28T12:36:40.102121,user_17,merchant_16,44.81,IN,device_55,True,1,3,40.05,IN,[],0,APPROVE
9c8f8884-716e-4662-b298-5d4b2c76b324,2026-03-02T16:44:40.102121,user_31,merchant_19,104.33,UK,device_59,True,2,3,111.57,UK,[],0,APPROVE
8f413c48-c0ab-4e92-ab6e-98f07ae46132,2026-03-05T15:29:40.102121,user_23,merchant_9,193.71,UK,device_13,True,0,0,113.72,UK,[],0,APPROVE
06096ebf-86ce-477b-a761-95e893dade71,2026-03-06T00:07:40.102121,user_47,merchant_7,145.89,DE,device_95,True,0,4,99.62,IE,['new_country_24h'],1,SEND_TO_ML
c980b630-69b3-41b5-acb6-2a0a163f10a6,2026-03-02T00:59:40.103197,user_43,merchant_4,95.65,IE,device_115,True,2,0,159.42,IE,[],0,APPROVE
6b5b6323-925b-46be-8ac4-84f63a8222a8,2026-02-28T16:18:40.103197,user_29,merchant_12,137.57,UK,device_194,True,1,2,132.29,UK,[],0,APPROVE
b3fbfeeb-bd82-40d9-b697-c8fe76c49886,2026-03-05T07:24:40.103197,user_45,merchant_3,145.31,DE,device_46,False,2,0,103.53,UK,['new_country_24h'],1,SEND_TO_ML
53cb4c28-5570-41a4-8956-6ebaa63b72f3,2026-03-06T14:59:40.103197,user_45,merchant_10,163.69,FR,device_46,False,2,4,174.06,FR,[],0,APPROVE
9ec3a0f6-be4a-422e-a52a-d98a10ca5460,2026-03-03T11:25:40.103197,user_27,merchant_4,208.06,FR,device_89,True,2,2,158.15,FR,[],0,APPROVE
01b4f35e-9614-4b11-8b19-39e5470efdbe,2026-03-04T17:07:40.103197,user_8,merchant_3,67.61,IE,device_169,True,0,0,71.91,IE,[],0,APPROVE
693b29e3-e9b6-4bd0-b0ff-7fe66d0aecf8,2026-02-28T15:53:40.103197,user_44,merchant_7,238.19,IE,device_182,False,3,2,198.93,IN,"['new_country_24h', 'too_many_failed_attempts']",2,SEND_TO_ML
8526f071-4ccf-4e0b-af4b-6646a4817254,2026-03-04T06:20:40.103197,user_10,merchant_13,203.53,DE,device_98,True,0,2,198.06,DE,[],0,APPROVE
052b42a1-b211-4e6c-8151-57029c4c8949,2026-03-02T07:25:40.103197,user_5,merchant_4,101.11,IN,device_199,True,2,2,119.42,IN,[],0,APPROVE
0eb863c5-19f3-4fcf-a16e-930b3f1cc827,2026-03-02T04:29:40.103197,user_46,merchant_13,46.44,UK,device_22,False,2,2,79.88,UK,[],0,APPROVE
d5058fe1-8d94-4120-b9d9-e084969f38d0,2026-03-05T03:08:40.103197,user_21,merchant_19,219.75,IN,device_185,False,2,3,140.83,IN,[],0,APPROVE
6be9181e-8fd8-4770-bf0b-69019d27fc93,2026-02-27T19:08:40.103197,user_12,merchant_2,98.95,IN,device_29,False,0,0,78.12,IN,[],0,APPROVE
fb869c09-740c-4b04-8f77-53128f5d2a7d,2026-03-04T18:10:40.103197,user_16,merchant_18,28.3,IE,device_22,False,0,2,32.47,UK,['new_country_24h'],1,SEND_TO_ML
9315c6f5-3b83-49f5-990f-bf854923f129,2026-03-02T05:14:40.103197,user_21,merchant_6,247.04,UK,device_109,True,0,2,131.63,UK,[],0,APPROVE
b4760577-dc7e-4adb-ac4e-222ddca76a71,2026-03-01T04:39:40.103197,user_1,merchant_7,64.98,IE,device_90,False,0,7,20.6,IE,"['amount_spike', 'velocity_spike']",2,SEND_TO_ML
bebf04df-2b23-4cae-9e4a-4563c9daddfc,2026-03-04T19:39:40.103197,user_33,merchant_15,138.76,IE,device_27,True,0,0,73.89,IE,[],0,APPROVE
f2c8537f-2acb-49fa-b6c1-e8ad9c0ab437,2026-03-03T21:30:40.103197,user_4,merchant_4,112.37,IN,device_113,True,1,2,73.85,IN,[],0,APPROVE
74124edd-ab7d-4286-b8bb-2f2b1a135873,2026-03-04T01:12:40.103197,user_26,merchant_14,28.79,IN,device_21,False,2,3,26.02,IN,[],0,APPROVE
2471c774-14cf-40ce-a78c-87e0d868a9e5,2026-03-03T09:37:40.103197,user_15,merchant_1,343.73,IN,device_56,True,2,1,84.02,IN,"['amount_spike', 'new_device_high_amount']",2,SEND_TO_ML
730bc2be-aacb-4413-85a1-10f35edd5d75,2026-03-03T01:50:40.103197,user_50,merchant_7,117.4,UK,device_184,False,2,2,61.47,UK,[],0,APPROVE
0866f0de-e72e-4620-a8d1-908d88855380,2026-03-02T14:46:40.103197,user_43,merchant_12,23.86,DE,device_45,False,0,4,38.46,DE,[],0,APPROVE
d4b5ae43-a70f-419e-83cc-7ba15b03dead,2026-02-27T20:21:40.103197,user_5,merchant_9,108.21,IN,device_153,True,2,4,158.69,IN,[],0,APPROVE
9c0823c8-388d-4684-bb93-8701b07e1bc7,2026-03-05T23:38:40.103197,user_13,merchant_1,213.74,UK,device_122,False,1,0,140.07,UK,[],0,APPROVE
fffbb183-557b-4b66-8af4-75e12061c66d,2026-03-06T11:38:40.103197,user_45,merchant_16,104.96,FR,device_52,True,1,2,102.7,FR,[],0,APPROVE
dc0ba8e2-f1df-4dc4-92cf-ea39ac301179,2026-02-27T20:16:40.103197,user_26,merchant_13,221.58,DE,device_21,False,1,10,161.96,DE,['velocity_spike'],1,SEND_TO_ML
ac5ca150-c001-4609-ac12-0317234f35a2,2026-03-03T09:40:40.103197,user_17,merchant_13,63.89,IN,device_123,False,3,0,32.3,IN,['too_many_failed_attempts'],1,SEND_TO_ML
4b217732-dab4-47e6-9e93-0153baf00f5d,2026-03-02T04:14:40.103197,user_8,merchant_3,160.98,FR,device_9,True,0,0,92.5,FR,[],0,APPROVE
e0799cb0-daf7-44b0-baf0-855958c3bc6a,2026-03-03T07:46:40.103197,user_24,merchant_18,283.56,DE,device_183,True,2,2,149.24,DE,[],0,APPROVE
fbeaa4ff-566f-4543-87e3-bd07b6afec93,2026-02-27T20:14:40.103197,user_44,merchant_6,236.34,FR,device_126,False,2,1,144.49,FR,[],0,APPROVE
9dcea785-fb67-41ee-9310-deb0748bf480,2026-03-01T21:52:40.103197,user_13,merchant_12,42.05,FR,device_132,True,1,2,46.93,FR,[],0,APPROVE
9046e5bc-143b-4939-a215-6c6772714914,2026-03-06T05:42:40.103197,user_10,merchant_3,183.66,FR,device_131,True,0,3,96.96,FR,[],0,APPROVE
bdbddefc-6e04-4526-90f9-e98da805fa42,2026-03-03T14:34:40.103197,user_6,merchant_12,136.9,IN,device_148,False,0,3,159.0,IN,[],0,APPROVE
21f3b79b-111e-4e11-b68c-b4139dd3f772,2026-03-03T23:04:40.103197,user_41,merchant_11,126.51,IE,device_27,True,1,1,98.98,IE,[],0,APPROVE
a49adde3-b393-4872-8f52-e12b825e0796,2026-03-05T07:50:40.103197,user_41,merchant_11,84.75,FR,device_133,True,4,6,84.82,FR,"['too_many_failed_attempts', 'velocity_spike']",2,SEND_TO_ML
19066b34-a77d-4cf9-9bec-9e944e8a7b41,2026-02-27T21:04:40.103197,user_36,merchant_13,229.36,IE,device_65,True,0,3,153.56,IE,[],0,APPROVE
c7a9b320-708b-4bc0-b894-97cd5fb7508d,2026-03-06T10:33:40.103197,user_31,merchant_2,60.68,DE,device_191,True,1,0,77.29,DE,[],0,APPROVE
8d6f961d-9785-437b-a4a8-b4e24425d376,2026-03-03T06:19:40.103197,user_10,merchant_10,169.76,UK,device_57,False,0,10,94.9,UK,['velocity_spike'],1,SEND_TO_ML
2c9d2a3f-0fda-4947-8c9c-48dc96ff9ec4,2026-03-01T21:30:40.103197,user_22,merchant_11,40.64,IE,device_41,True,1,2,31.15,IE,[],0,APPROVE
4d71f64a-8e41-4d79-a393-0e053f73b16f,2026-02-28T23:03:40.103197,user_11,merchant_11,59.04,IE,device_197,False,2,1,36.04,IE,[],0,APPROVE
58c428d7-ed45-44a5-905f-c6d25f9123a0,2026-03-06T15:17:40.103197,user_9,merchant_15,318.67,FR,device_191,False,2,3,189.03,FR,[],0,APPROVE
eed7e87b-a09e-48d3-b99e-6e9ab66805ff,2026-03-06T07:32:40.103197,user_5,merchant_20,336.64,IE,device_175,True,0,4,171.15,IE,[],0,APPROVE
1d511b35-d663-4cc6-9c9d-edd7b678749f,2026-03-05T14:40:40.103197,user_12,merchant_1,444.04,IN,device_175,False,0,4,120.42,IN,['amount_spike'],1,SEND_TO_ML
ec0c4a49-9ef2-4ee4-a439-73d3deba0791,2026-03-02T13:25:40.103197,user_27,merchant_4,521.4,FR,device_33,True,1,0,144.0,FR,"['amount_spike', 'new_device_high_amount']",2,SEND_TO_ML
6e6c7cb0-bac2-4270-b5fa-1960bd2d7f56,2026-03-06T06:26:40.103197,user_15,merchant_18,166.47,FR,device_53,False,0,4,113.99,FR,[],0,APPROVE
5d34d12d-3f57-47dc-b57e-b92d6eb724f3,2026-02-28T23:25:40.103197,user_16,merchant_5,143.76,UK,device_76,False,0,0,89.65,IN,['new_country_24h'],1,SEND_TO_ML
74208cbe-3363-4aa2-87ca-858a5b4dfcf9,2026-03-02T23:11:40.103197,user_38,merchant_7,251.99,IN,device_7,False,4,4,182.46,IN,['too_many_failed_attempts'],1,SEND_TO_ML
baa90f0a-f9b3-44b9-a6ae-65cda1c16ed8,2026-03-03T11:53:40.103197,user_37,merchant_3,51.82,DE,device_73,False,1,1,67.44,DE,[],0,APPROVE
d4324c52-a61c-4ef7-beed-37dff78d75e6,2026-03-02T18:37:40.103197,user_32,merchant_14,49.51,IN,device_45,True,1,0,31.77,IN,[],0,APPROVE
f53bced2-002c-41f7-82ef-31d1e0f4cbfe,2026-03-02T16:38:40.103197,user_40,merchant_20,102.21,IE,device_108,False,2,1,191.58,IE,[],0,APPROVE
4c35c17d-6222-4cbb-9920-b7d26de9f88a,2026-02-28T03:11:40.103197,user_32,merchant_12,314.67,IE,device_119,False,2,4,165.19,IE,[],0,APPROVE
26a1ea31-d954-4a88-82a5-6ef700d3311b,2026-03-03T04:44:40.103197,user_9,merchant_20,149.53,IN,device_17,False,1,1,159.16,UK,['new_country_24h'],1,SEND_TO_ML
bda22585-bb17-4987-9138-09ead1030dd7,2026-03-02T17:49:40.103197,user_35,merchant_12,181.24,IE,device_37,False,0,1,133.14,IE,[],0,APPROVE
5336e4d3-3af3-4466-8196-dab4bd71eb79,2026-03-04T01:28:40.103197,user_40,merchant_15,219.06,IE,device_195,False,2,9,113.62,IE,['velocity_spike'],1,SEND_TO_ML
958a47c0-4b83-4edf-b2cb-ff0e24a921f8,2026-02-28T03:16:40.103197,user_25,merchant_11,58.95,DE,device_1,True,0,3,58.04,DE,[],0,APPROVE
cd3cba7b-db1f-4f00-9d70-08eb812bb392,2026-03-04T23:15:40.103197,user_3,merchant_9,292.73,UK,device_33,False,2,4,169.59,UK,[],0,APPROVE
e64946ae-6cea-49f8-bd9e-3e54f4eca549,2026-03-04T17:18:40.103197,user_12,merchant_8,135.18,UK,device_195,True,2,2,115.65,UK,[],0,APPROVE
4eeed1fa-6303-403b-8d89-52c52ffc5bc7,2026-02-28T18:19:40.103197,user_40,merchant_5,155.7,DE,device_2,False,2,5,199.23,DE,['velocity_spike'],1,SEND_TO_ML
3dd237d7-d198-41e2-b708-6f0bade56f5b,2026-02-28T12:14:40.103197,user_7,merchant_13,89.12,IN,device_119,True,2,3,125.45,IN,[],0,APPROVE
6ffdbe1a-874d-4b13-9602-3d3ac760037a,2026-03-01T00:15:40.103197,user_6,merchant_20,60.16,DE,device_123,True,1,4,49.79,DE,[],0,APPROVE
6632c53b-0777-44b8-bd64-ccb819ed66e9,2026-03-03T01:14:40.103197,user_40,merchant_12,700.4,FR,device_21,False,2,0,187.77,FR,['amount_spike'],1,SEND_TO_ML
de4d00ac-1fdd-496f-a1fb-e0421e87dfa5,2026-03-01T22:09:40.103197,user_10,merchant_12,110.19,IE,device_130,True,2,4,72.78,IE,[],0,APPROVE
e3297238-005f-46c2-bc7d-114c71037f6b,2026-03-02T03:06:40.103197,user_32,merchant_15,91.18,IE,device_76,False,1,4,85.51,IE,[],0,APPROVE
f247f7a6-ee68-4d3b-979a-0fcbffb058e3,2026-03-04T18:48:40.103197,user_27,merchant_2,64.5,IN,device_106,True,2,3,93.48,IN,[],0,APPROVE
2d81ab20-1714-42f1-943e-e7cf37348014,2026-03-06T06:33:40.103197,user_16,merchant_2,210.8,DE,device_138,True,2,0,153.03,DE,[],0,APPROVE
23d486d9-4ff1-43f9-9fa0-948354270f1e,2026-03-02T19:12:40.103197,user_42,merchant_1,116.05,UK,device_37,False,1,7,72.94,UK,['velocity_spike'],1,SEND_TO_ML
14597a00-2d4b-463b-b186-f42d9506d6dd,2026-03-04T14:21:40.103197,user_5,merchant_15,90.28,FR,device_171,True,6,3,94.74,FR,['too_many_failed_attempts'],1,SEND_TO_ML
8bfa52f0-6085-4211-b763-c7e88ca28baf,2026-03-03T20:12:40.103197,user_26,merchant_15,26.73,IN,device_91,True,0,4,38.98,UK,['new_country_24h'],1,SEND_TO_ML
09b0dfc2-c61e-470b-a792-2e62e379c0ce,2026-03-02T05:24:40.103197,user_9,merchant_4,301.14,UK,device_44,True,6,0,153.52,UK,['too_many_failed_attempts'],1,SEND_TO_ML
9e2a09c1-884f-4513-ac9a-498cc8462e51,2026-03-02T06:22:40.103197,user_17,merchant_15,13.02,IN,device_116,False,0,1,25.72,IN,[],0,APPROVE
0625f5d9-a2a6-465c-9005-ee5ae57aa7bc,2026-03-01T15:12:40.103197,user_19,merchant_11,38.84,UK,device_195,True,1,1,21.52,UK,[],0,APPROVE
7db6d3da-1a85-42ef-8ee2-01e99ed20b11,2026-02-28T02:00:40.103197,user_9,merchant_11,175.14,IE,device_40,False,1,1,104.18,IE,[],0,APPROVE
16f28b5b-0c00-4ad6-9faa-9a64f2528966,2026-03-05T16:07:40.103197,user_10,merchant_9,70.18,UK,device_46,False,2,3,41.05,DE,['new_country_24h'],1,SEND_TO_ML
81bf0078-d90a-4ea6-8a8b-ddba15251fc2,2026-03-03T10:00:40.103197,user_50,merchant_16,161.02,IN,device_30,True,2,0,106.31,IN,[],0,APPROVE
770c4a27-7a33-41db-88d5-64c1754dd757,2026-03-06T02:33:40.104299,user_34,merchant_17,263.26,FR,device_3,True,1,0,196.18,FR,[],0,APPROVE
0b9a8ad8-819e-463c-ab0c-4eb5798dd4b4,2026-03-03T21:44:40.104299,user_1,merchant_18,125.1,IE,device_95,True,2,2,152.63,IE,[],0,APPROVE
ac2aee3a-208e-4988-a7a8-672a4ea6c58a,2026-02-28T15:24:40.104299,user_22,merchant_16,261.26,UK,device_96,True,1,2,179.95,UK,[],0,APPROVE
579e71cd-9c43-4069-ba71-f9978b27ec26,2026-03-04T03:25:40.104299,user_46,merchant_9,107.66,IE,device_146,False,1,2,93.78,IE,[],0,APPROVE
f4808622-4742-4f03-85c0-50a8621e7ae2,2026-03-02T09:41:40.104299,user_3,merchant_12,180.8,UK,device_29,True,1,3,136.1,UK,[],0,APPROVE
2d9d13ed-374d-4194-b56a-1c0092fe058a,2026-03-06T01:55:40.104299,user_40,merchant_11,40.41,UK,device_138,True,0,2,56.44,UK,[],0,APPROVE
837b89cd-8246-46f8-aae1-c6fd91db5c75,2026-03-04T08:29:40.104299,user_26,merchant_6,57.57,IE,device_31,True,1,2,72.53,IE,[],0,APPROVE
36a40ce8-2a4d-4a8d-b265-6db2628ecdf7,2026-03-06T04:08:40.104299,user_27,merchant_13,194.79,UK,device_109,True,1,4,166.62,UK,[],0,APPROVE
b818f278-ba21-4771-ab52-3c00a040a6f1,2026-03-02T10:55:40.104299,user_27,merchant_20,45.37,UK,device_75,False,0,1,68.38,UK,[],0,APPROVE
a68fb76f-f409-4d4d-b0f7-1224b1154910,2026-03-02T19:32:40.104299,user_31,merchant_1,267.89,FR,device_156,True,5,4,166.37,FR,['too_many_failed_attempts'],1,SEND_TO_ML
71fb4125-e32b-486d-a99a-b94b6c75b889,2026-03-02T01:41:40.104299,user_12,merchant_3,137.65,FR,device_147,True,1,0,153.96,FR,[],0,APPROVE
298064b3-a001-4c77-8d35-b259de508079,2026-03-02T03:20:40.104299,user_9,merchant_17,30.29,IE,device_73,True,1,2,58.84,IE,[],0,APPROVE
da3b74f2-3719-4a87-a48a-d36b4bf678d7,2026-03-06T00:45:40.104299,user_45,merchant_20,83.43,DE,device_84,False,1,3,135.31,DE,[],0,APPROVE
ab4097a2-c708-4c48-aaf3-9d22aa37f398,2026-02-28T12:01:40.104299,user_33,merchant_5,165.95,DE,device_20,True,5,4,199.18,DE,['too_many_failed_attempts'],1,SEND_TO_ML
7d751587-f47c-474d-b525-38b2d7fef7df,2026-03-04T10:29:40.104299,user_15,merchant_20,154.76,UK,device_143,False,2,2,36.45,UK,['amount_spike'],1,SEND_TO_ML
9e1fc7d5-a024-47cd-a425-e1053e776708,2026-02-28T10:04:40.104299,user_31,merchant_14,189.79,DE,device_188,False,0,2,150.4,FR,['new_country_24h'],1,SEND_TO_ML
cb723967-9735-4222-bfd4-ad6e6c68203a,2026-03-01T14:04:40.104299,user_19,merchant_15,105.18,FR,device_92,True,2,2,63.88,FR,[],0,APPROVE
469e9903-f493-4427-ab02-908872a0cc7b,2026-03-04T11:59:40.104299,user_36,merchant_18,97.8,IE,device_36,True,2,2,83.06,IE,[],0,APPROVE
912e2849-ee06-4e1f-9e00-d7b32dd3a1c5,2026-02-27T18:07:40.104299,user_25,merchant_4,58.8,FR,device_56,False,2,0,52.44,FR,[],0,APPROVE
580448af-fd3c-4bf1-8863-eafc040d5131,2026-03-01T06:33:40.104299,user_44,merchant_17,62.58,IN,device_59,False,4,0,94.99,IN,['too_many_failed_attempts'],1,SEND_TO_ML
f487f323-2f50-40aa-989f-a8c755b6261c,2026-03-01T01:16:40.104299,user_18,merchant_14,43.95,UK,device_7,True,2,1,65.36,FR,['new_country_24h'],1,SEND_TO_ML
be3b0cab-b316-4dd0-af7a-b00ee5b2f186,2026-03-02T04:08:40.104299,user_20,merchant_1,250.17,UK,device_146,False,1,3,176.24,UK,[],0,APPROVE
db15c41d-c506-4f84-8669-ba9b6ffb36c8,2026-03-03T19:15:40.104299,user_43,merchant_20,185.42,IE,device_54,False,2,1,118.27,IE,[],0,APPROVE
fbf28de2-bbc3-4e32-b88d-8e96f96af841,2026-03-02T09:28:40.104299,user_10,merchant_19,58.89,DE,device_158,True,6,4,75.75,IN,"['new_country_24h', 'too_many_failed_attempts']",2,SEND_TO_ML
88141a25-b18e-4348-96d2-44db0bc146b9,2026-03-02T05:43:40.104299,user_37,merchant_18,63.34,DE,device_116,True,2,1,82.63,DE,[],0,APPROVE
5c33ca3b-7ddd-4216-af4b-bab7333c312a,2026-03-02T09:15:40.104299,user_22,merchant_12,32.99,DE,device_139,False,0,2,58.33,FR,['new_country_24h'],1,SEND_TO_ML
d69e2c19-40b5-42a6-b5db-6a46c7583e63,2026-03-02T22:59:40.104299,user_47,merchant_7,108.63,IN,device_27,False,4,3,79.71,IN,['too_many_failed_attempts'],1,SEND_TO_ML
7c4b9169-ac3f-46ec-a9e9-3c22438c78ce,2026-03-03T13:32:40.104299,user_30,merchant_11,152.29,IE,device_157,False,0,10,79.0,IE,['velocity_spike'],1,SEND_TO_ML
c018a9da-c987-4888-b88b-9b290f4d6012,2026-02-28T14:23:40.104299,user_6,merchant_7,192.73,UK,device_157,True,2,4,133.64,UK,[],0,APPROVE
63242af5-563d-4aef-8f05-8e465d49732d,2026-03-02T10:23:40.104299,user_43,merchant_16,262.79,UK,device_73,True,1,2,175.55,UK,[],0,APPROVE
817337e3-c659-42a6-8514-5fc17bbec28c,2026-03-04T00:38:40.104299,user_43,merchant_2,61.8,FR,device_11,True,2,4,87.66,FR,[],0,APPROVE
ab9065a3-58cf-4fe8-8966-e3b4f6b15eb7,2026-03-01T09:27:40.104299,user_9,merchant_10,286.57,UK,device_138,True,1,0,144.27,UK,[],0,APPROVE
77ab38fe-e382-43cd-b5e2-1aaa046e56f9,2026-03-05T20:03:40.104299,user_15,merchant_17,33.2,FR,device_57,True,0,1,20.32,FR,[],0,APPROVE
e950153d-3a6e-40c4-8fa6-b5d4f47dcae2,2026-03-01T03:18:40.104299,user_35,merchant_2,270.09,IE,device_41,True,1,0,165.82,IE,[],0,APPROVE
34bec4df-719a-4264-8a9e-f971d079ab88,2026-03-06T10:17:40.104299,user_7,merchant_6,130.72,UK,device_61,True,0,2,66.29,UK,[],0,APPROVE
afb997e5-a632-4ce2-82ab-af565a23b236,2026-03-04T04:40:40.104299,user_35,merchant_14,110.7,FR,device_108,False,3,2,152.18,FR,['too_many_failed_attempts'],1,SEND_TO_ML
9460abad-4700-4d31-9f5b-cecf96dfaf1e,2026-03-06T09:28:40.104299,user_49,merchant_13,137.45,FR,device_193,False,2,2,79.24,FR,[],0,APPROVE
9ce3b1ab-4805-4887-9336-fb8044ccf936,2026-03-04T06:58:40.104299,user_38,merchant_1,256.83,IN,device_34,False,0,2,177.29,IN,[],0,APPROVE
e2355208-b9b1-4049-9019-a09ac42e8f43,2026-03-06T15:45:40.104299,user_45,merchant_18,121.27,IE,device_66,False,0,4,163.81,IE,[],0,APPROVE
fc90f07b-badd-4bc9-89d4-3a10c01d3ebc,2026-03-02T07:54:40.104299,user_29,merchant_6,257.73,IN,device_147,False,2,3,180.67,IN,[],0,APPROVE
f286379a-5275-44d1-9bc2-13e46ced5c90,2026-03-05T21:06:40.104299,user_28,merchant_15,54.38,IE,device_78,True,0,4,49.75,DE,['new_country_24h'],1,SEND_TO_ML
47eb7242-7759-4d5a-870b-2939f16dc764,2026-02-28T02:20:40.104299,user_34,merchant_19,130.51,FR,device_103,False,2,0,126.87,FR,[],0,APPROVE
3a490117-6b3f-4645-9157-de1ec8b8ccc4,2026-03-02T01:38:40.104299,user_37,merchant_12,249.01,DE,device_117,False,0,1,192.69,DE,[],0,APPROVE
0f9ce6d3-6963-46cd-99eb-c368ead6a023,2026-02-28T23:45:40.104299,user_37,merchant_20,75.93,IN,device_183,False,2,3,41.19,IN,[],0,APPROVE
e87ddd1d-64b4-49e7-bad7-9f855626417d,2026-03-04T07:17:40.104299,user_39,merchant_5,104.34,IE,device_105,False,0,0,53.81,IE,[],0,APPROVE
7590a528-a053-4a0a-9ba3-b31b6c2c80ed,2026-03-02T22:03:40.104299,user_44,merchant_13,38.66,DE,device_91,True,1,2,65.97,DE,[],0,APPROVE
23569643-01e5-43a7-9b46-32228f5fe338,2026-03-05T19:42:40.104299,user_5,merchant_17,120.01,DE,device_103,True,2,4,66.79,FR,['new_country_24h'],1,SEND_TO_ML
a3ecb711-e560-4fc8-aeb0-e7d88a6597c6,2026-03-06T00:48:40.104299,user_25,merchant_1,258.41,IE,device_156,True,1,8,152.46,IE,['velocity_spike'],1,SEND_TO_ML
b3f41798-7c2c-40f7-9411-ab3dca525aae,2026-03-02T03:11:40.104299,user_35,merchant_10,93.51,IN,device_143,False,1,0,76.17,IN,[],0,APPROVE
5785c444-b549-4c6a-a971-f220f4918b98,2026-03-01T19:44:40.104299,user_45,merchant_12,61.97,FR,device_105,True,1,1,49.71,FR,[],0,APPROVE
da9a87cc-3c3f-4d40-b06e-fbec28fd3c7d,2026-03-01T17:39:40.104299,user_16,merchant_18,327.33,FR,device_62,True,1,6,167.31,FR,['velocity_spike'],1,SEND_TO_ML
327244bc-934b-490b-a899-f04fc8fe6ec4,2026-03-06T02:38:40.104299,user_4,merchant_5,55.85,UK,device_63,True,2,4,99.44,UK,[],0,APPROVE
eeb2901b-9be2-4c2f-ad57-3236ebb0df4b,2026-02-27T19:27:40.104299,user_41,merchant_17,100.72,IE,device_135,True,1,5,176.82,IE,['velocity_spike'],1,SEND_TO_ML
8cdbb248-b9d4-4553-a3e4-90f4a6ddfb5f,2026-03-05T01:27:40.104299,user_22,merchant_10,130.97,IE,device_190,False,2,7,104.9,IE,['velocity_spike'],1,SEND_TO_ML
196f1327-8ed0-44f8-a35f-78271618ead0,2026-03-01T22:42:40.104299,user_9,merchant_5,111.36,IE,device_79,True,2,4,58.56,IE,[],0,APPROVE
d2ad7f8c-516d-41b6-95af-ec4eaa7d9a76,2026-02-28T08:14:40.104299,user_48,merchant_15,119.06,IN,device_2,True,2,2,127.9,IN,[],0,APPROVE
5f3638bb-7e43-4d9c-8ed4-1aad1047b21b,2026-02-28T19:22:40.104299,user_5,merchant_8,53.54,UK,device_37,False,2,4,33.66,UK,[],0,APPROVE
5bd93356-706b-449a-8361-170ab1a5f904,2026-03-04T06:11:40.104299,user_13,merchant_7,66.2,FR,device_54,True,0,1,63.64,FR,[],0,APPROVE
9c8195e3-1601-4958-9248-186e0dd93523,2026-03-01T04:14:40.104299,user_44,merchant_8,211.06,IE,device_159,True,1,4,167.04,IE,[],0,APPROVE
a156f02b-3896-4e29-a7d7-b329e9a9b7c1,2026-02-27T23:43:40.104299,user_43,merchant_7,147.99,FR,device_184,False,1,1,100.91,FR,[],0,APPROVE
eb7d90f3-eda1-405b-bdf0-104fd6ce246d,2026-03-04T15:18:40.104299,user_21,merchant_12,166.98,IN,device_178,False,3,0,89.6,IN,['too_many_failed_attempts'],1,SEND_TO_ML
f1311577-4681-490a-956f-2ec8f6eb4103,2026-03-04T16:12:40.104299,user_34,merchant_5,115.22,FR,device_139,True,1,4,63.19,FR,[],0,APPROVE
dc904511-fdc7-4f49-a314-79e2f0f4e746,2026-03-03T05:02:40.104299,user_34,merchant_6,207.67,DE,device_64,False,2,2,184.02,DE,[],0,APPROVE
29f193af-7c98-4dc8-aed1-0c516ba85a32,2026-03-05T23:47:40.104299,user_45,merchant_11,171.83,IE,device_79,True,0,3,130.31,IE,[],0,APPROVE
9d3e993a-ce99-4c2e-b540-5aae402632d0,2026-03-04T09:44:40.104299,user_2,merchant_9,163.07,DE,device_200,True,0,0,171.34,DE,[],0,APPROVE
f3e44e22-64df-4d21-ac60-2e65355c6797,2026-03-03T23:46:40.104299,user_5,merchant_18,68.14,FR,device_168,True,2,3,60.3,FR,[],0,APPROVE
1a2ba30f-1ef9-4f53-b9a2-8fd26eeceabd,2026-03-04T04:11:40.104299,user_14,merchant_19,112.28,UK,device_145,False,1,0,157.88,UK,[],0,APPROVE
576f6c12-fbad-4bce-b5e6-2da394f16504,2026-02-28T19:27:40.104299,user_21,merchant_8,470.86,IN,device_24,True,0,8,120.37,IN,"['amount_spike', 'velocity_spike', 'new_device_high_amount']",3,STEP_UP
a25b9482-f473-43bd-89c9-1ea87718e49d,2026-03-05T21:40:40.104299,user_26,merchant_3,32.14,FR,device_151,True,1,0,25.39,FR,[],0,APPROVE
9cc1e9fe-c8a2-4d2a-892b-9fc59a562110,2026-03-01T14:39:40.104299,user_5,merchant_5,288.51,IE,device_43,False,2,0,193.11,IE,[],0,APPROVE
eda80546-bf1e-468b-96e7-c849edf4e2d1,2026-03-02T21:48:40.104299,user_38,merchant_11,152.94,DE,device_190,True,2,0,146.45,DE,[],0,APPROVE
8296602b-73b5-4081-8607-129b09e1f05b,2026-03-04T11:53:40.104299,user_50,merchant_20,69.91,IN,device_85,True,2,0,67.14,IN,[],0,APPROVE
22d9e648-90a4-4770-90e0-fd679e665fb1,2026-03-02T09:28:40.104299,user_26,merchant_17,206.89,FR,device_63,True,2,2,115.9,IN,['new_country_24h'],1,SEND_TO_ML
919cd674-5d16-4cf4-96f5-6ab9802c7f31,2026-03-03T11:47:40.104299,user_37,merchant_7,98.26,IN,device_16,True,2,3,119.73,DE,['new_country_24h'],1,SEND_TO_ML
9316ca24-aa0e-4c91-8347-e530826b19a0,2026-02-27T21:42:40.104299,user_10,merchant_1,231.15,FR,device_63,True,2,0,160.06,FR,[],0,APPROVE
5321f07a-b961-41f4-a474-58ddcb642293,2026-03-06T02:04:40.104299,user_19,merchant_4,309.67,FR,device_60,True,5,1,163.71,FR,['too_many_failed_attempts'],1,SEND_TO_ML
e8482aca-26f9-46fa-87c3-1a41e1d90bd8,2026-02-28T06:12:40.104299,user_33,merchant_1,95.79,UK,device_150,False,0,1,122.06,UK,[],0,APPROVE
b80b7e3a-d949-43ab-ba4f-145d4ea11a79,2026-02-28T08:15:40.104299,user_17,merchant_5,248.85,FR,device_47,False,4,1,170.99,IE,"['new_country_24h', 'too_many_failed_attempts']",2,SEND_TO_ML
7ee978d0-ca88-4613-a5c4-9e20f7a4c768,2026-03-02T16:23:40.104299,user_18,merchant_11,81.78,UK,device_197,True,2,2,97.93,DE,['new_country_24h'],1,SEND_TO_ML
d73b9cb3-05dc-4988-93c8-48f4a4ad7799,2026-02-28T17:20:40.104299,user_30,merchant_10,65.13,IE,device_125,True,2,2,46.77,IE,[],0,APPROVE
5a563066-97f9-4954-bbe1-b057d3d87d33,2026-03-03T16:41:40.104299,user_11,merchant_16,68.16,DE,device_53,True,2,4,61.11,DE,[],0,APPROVE
6e21a476-1861-476e-9b6f-8fd77e7bc5e8,2026-02-27T20:19:40.104299,user_11,merchant_2,296.39,DE,device_198,False,2,3,179.13,DE,[],0,APPROVE
be3618bc-eee3-436f-9072-e5db00248cef,2026-03-04T04:44:40.104299,user_9,merchant_3,252.57,UK,device_98,True,0,1,168.0,UK,[],0,APPROVE
d44eb819-03a7-4944-b659-ce39c94718b1,2026-03-01T09:29:40.104299,user_6,merchant_15,129.96,DE,device_55,False,0,3,90.72,DE,[],0,APPROVE
ae53d604-a3a8-4071-a21d-a223b2f93f3a,2026-03-03T12:42:40.104299,user_2,merchant_3,29.29,FR,device_123,False,2,4,29.35,FR,[],0,APPROVE
b8407e45-ea11-45ce-931c-8e98ed118029,2026-03-03T09:37:40.104299,user_22,merchant_10,90.5,FR,device_15,True,2,3,150.43,FR,[],0,APPROVE
a63db243-c9e1-4d2a-91fe-cd9e385a8c09,2026-03-05T12:43:40.104299,user_18,merchant_12,222.96,IE,device_199,False,0,1,187.05,DE,['new_country_24h'],1,SEND_TO_ML
d6858e8f-b192-48b8-85bf-68e724b7d3ce,2026-03-02T05:15:40.104299,user_18,merchant_10,141.03,IN,device_144,True,2,5,187.51,IN,['velocity_spike'],1,SEND_TO_ML
ba86c088-f6fb-43da-b277-f4ae2c02720e,2026-03-05T17:07:40.104299,user_15,merchant_16,123.57,UK,device_115,False,5,0,136.49,UK,['too_many_failed_attempts'],1,SEND_TO_ML
a5b27dee-bacf-4c7e-b635-911ed9304b14,2026-03-03T17:26:40.104299,user_7,merchant_7,51.18,UK,device_167,True,2,3,33.42,UK,[],0,APPROVE
08c734e6-3221-4ac5-a54b-1811fa7abb80,2026-03-05T14:50:40.104299,user_30,merchant_9,38.43,IN,device_135,True,2,4,75.68,IN,[],0,APPROVE
d18eadb6-e243-48a2-961e-17a7f9f7b586,2026-03-05T03:06:40.104299,user_29,merchant_7,81.67,IN,device_157,True,2,3,97.17,IN,[],0,APPROVE
53d54b36-2727-4ba6-b194-2071c8cb409a,2026-03-01T01:01:40.104299,user_49,merchant_11,285.68,FR,device_55,True,2,1,182.11,FR,[],0,APPROVE
9db7c08c-3d0c-4d31-b932-9e10c98a65c4,2026-03-02T14:09:40.104299,user_48,merchant_2,216.65,IE,device_25,True,0,0,148.7,IE,[],0,APPROVE
df9c1ab6-5745-4020-abbe-4cd5a98ed91b,2026-03-02T06:54:40.105358,user_22,merchant_7,131.84,DE,device_20,True,2,0,102.81,DE,[],0,APPROVE
b21db4aa-0a40-444f-b742-819ac37b8036,2026-03-02T17:55:40.105358,user_31,merchant_20,155.57,DE,device_80,False,4,0,108.95,DE,['too_many_failed_attempts'],1,SEND_TO_ML
12c09fd0-8a7c-4a0b-8f2f-0e001bbe27d7,2026-03-01T14:45:40.105358,user_50,merchant_9,363.46,IE,device_110,False,3,2,103.16,DE,"['new_country_24h', 'too_many_failed_attempts', 'amount_spike']",3,STEP_UP
39ee07fb-5e2c-4002-ac2b-d347f12d8f51,2026-02-28T09:52:40.105358,user_47,merchant_11,325.98,IN,device_195,True,1,2,195.52,IN,[],0,APPROVE
4673d7fa-d3a6-4c94-be8e-52d0c7f14f97,2026-03-02T21:16:40.105358,user_7,merchant_20,206.8,IN,device_22,True,0,3,169.34,IN,[],0,APPROVE
ff23ce1d-51f8-4c5c-b1ee-59ab12e573f8,2026-03-05T02:46:40.105358,user_38,merchant_20,279.88,FR,device_11,True,2,4,157.97,FR,[],0,APPROVE
3fa565ca-0e7d-45ed-9c0d-7d7f7424ccf4,2026-02-28T20:02:40.105358,user_9,merchant_9,30.63,FR,device_49,True,3,2,34.96,FR,['too_many_failed_attempts'],1,SEND_TO_ML
25d22047-6f1f-4617-be13-c759d0d997d3,2026-03-02T18:06:40.105358,user_32,merchant_18,86.1,DE,device_102,False,3,4,103.67,DE,['too_many_failed_attempts'],1,SEND_TO_ML
1e1ee758-4e3b-4255-a48e-4af2ddd86fb8,2026-03-05T02:23:40.105358,user_10,merchant_7,145.55,IE,device_25,False,2,3,191.48,IE,[],0,APPROVE
a8d0b0a8-c636-4f05-aea0-c9086db67312,2026-03-04T08:44:40.105358,user_36,merchant_4,115.74,FR,device_6,True,1,2,138.02,FR,[],0,APPROVE
643903f9-ff5c-44ba-a720-74ea59098c5f,2026-03-02T22:11:40.105358,user_22,merchant_11,65.88,IN,device_161,False,4,4,60.78,IN,['too_many_failed_attempts'],1,SEND_TO_ML
66b69a87-f1d3-480e-b849-fc029fa73986,2026-03-03T12:19:40.105358,user_27,merchant_16,29.98,UK,device_36,False,6,3,25.64,UK,['too_many_failed_attempts'],1,SEND_TO_ML
a008d9fc-9d4c-42a4-9b3b-9db2fb1a0f47,2026-02-27T18:34:40.105358,user_25,merchant_11,16.78,IE,device_97,False,1,4,31.17,IE,[],0,APPROVE
3e980e29-908f-4bc2-94ad-90455977541d,2026-03-05T03:16:40.105358,user_27,merchant_17,150.94,IN,device_179,True,0,0,115.35,IN,[],0,APPROVE
85356938-d13e-4dc3-8d58-a6ca56d5f348,2026-03-04T00:50:40.105358,user_29,merchant_5,107.36,IN,device_83,False,0,1,57.85,IN,[],0,APPROVE
10cfdfc8-5381-4c0e-b89d-d8d6c3f8c109,2026-03-02T02:49:40.105358,user_20,merchant_15,82.87,IN,device_121,True,1,4,114.01,IN,[],0,APPROVE
ca90dad7-8801-4ea6-82b7-b9274f4dd97a,2026-03-05T12:54:40.105358,user_30,merchant_8,107.46,UK,device_92,True,1,1,135.36,UK,[],0,APPROVE
15d1c363-7722-4064-bea9-5f67936cc1c2,2026-03-02T15:41:40.105358,user_34,merchant_5,168.82,UK,device_48,True,2,0,85.77,UK,[],0,APPROVE
fa671f6e-df83-4485-9329-7769dbbfd55a,2026-03-05T07:03:40.105358,user_48,merchant_18,284.9,IE,device_97,True,1,4,145.0,IE,[],0,APPROVE
5422bd08-452b-4b89-be66-f5b182e7300a,2026-03-04T12:51:40.105358,user_49,merchant_3,196.59,FR,device_49,False,0,8,107.48,FR,['velocity_spike'],1,SEND_TO_ML
f94c26b5-bacf-4558-a8d9-ffa26446e00c,2026-02-28T18:06:40.105358,user_48,merchant_2,64.03,UK,device_93,False,2,2,66.85,UK,[],0,APPROVE
90b88f1e-ca28-44bd-9236-8ce34b2bbed8,2026-03-01T03:56:40.105358,user_4,merchant_18,186.62,IN,device_35,False,0,1,165.85,IN,[],0,APPROVE
ebc3e4d7-8a80-436d-8ceb-55a5767c4e8b,2026-03-04T01:56:40.105358,user_6,merchant_2,111.66,IE,device_93,True,4,3,65.23,IN,"['new_country_24h', 'too_many_failed_attempts']",2,SEND_TO_ML
e6473423-6868-4eec-97c2-98ef90e8c74f,2026-03-01T10:56:40.105358,user_15,merchant_14,58.21,FR,device_45,True,2,2,80.53,FR,[],0,APPROVE
57c69ffb-ce13-4b4c-bb9e-ca578057c5d6,2026-03-05T19:32:40.105358,user_33,merchant_19,69.96,FR,device_81,False,0,4,60.18,FR,[],0,APPROVE
0f799b19-52a6-4f25-a75b-b3217c8e8012,2026-03-03T01:40:40.105358,user_9,merchant_2,239.14,IN,device_138,False,0,2,136.36,IN,[],0,APPROVE
e04fc0cc-cfc0-4963-8034-fe84e7fb4f0a,2026-02-28T01:17:40.105358,user_8,merchant_6,135.13,DE,device_194,True,1,4,152.31,DE,[],0,APPROVE
8e5b6e4f-f493-4a4a-bbce-5ceb2b5b3038,2026-03-06T15:36:40.105358,user_5,merchant_19,148.82,UK,device_58,False,1,6,173.34,IN,"['new_country_24h', 'velocity_spike']",2,SEND_TO_ML
dca6f5b2-dd7b-49cb-8435-a00031954503,2026-03-03T09:09:40.105358,user_7,merchant_18,304.41,DE,device_168,True,2,3,157.94,DE,[],0,APPROVE
051aee2f-705c-4bb8-8026-aee5bbe34c1c,2026-03-03T07:23:40.105358,user_38,merchant_5,39.88,IE,device_123,True,2,0,25.29,IN,['new_country_24h'],1,SEND_TO_ML
02489e57-c858-4322-bc5c-4b6ac1a30c81,2026-03-01T20:31:40.105358,user_39,merchant_8,180.35,DE,device_23,False,2,10,134.5,DE,['velocity_spike'],1,SEND_TO_ML
e214e7a5-558b-4771-9fc6-003d5c124c96,2026-03-06T13:22:40.105358,user_23,merchant_8,290.84,IN,device_179,False,2,3,176.17,IN,[],0,APPROVE
7977ee05-2397-4de2-bb86-328ab10cb344,2026-03-03T06:32:40.105358,user_10,merchant_14,112.9,UK,device_50,True,5,4,128.18,UK,['too_many_failed_attempts'],1,SEND_TO_ML
41bd6153-5a8d-43fa-bbc6-ebf542fe2c1f,2026-03-01T05:15:40.105358,user_23,merchant_7,54.41,IN,device_86,False,1,3,45.29,IN,[],0,APPROVE
960b7e94-2703-482c-9a42-eaf16f8fc493,2026-03-05T03:06:40.105358,user_22,merchant_9,82.36,IE,device_123,False,0,2,120.27,IE,[],0,APPROVE
c096f193-285b-46e1-a725-66a833bf5871,2026-03-02T01:16:40.105358,user_26,merchant_12,469.56,DE,device_164,True,2,2,102.75,DE,"['amount_spike', 'new_device_high_amount']",2,SEND_TO_ML
6c1db13d-9c12-43ac-a80d-32a816bbd680,2026-03-04T00:45:40.105358,user_13,merchant_12,61.7,DE,device_36,True,1,3,98.43,IE,['new_country_24h'],1,SEND_TO_ML
cade7d01-4292-4916-ad49-f071bd7c4d4b,2026-03-06T12:07:40.105358,user_46,merchant_1,290.1,FR,device_129,False,2,2,75.24,FR,['amount_spike'],1,SEND_TO_ML
b45dd961-7a5e-4579-8238-f34e3f6d61a8,2026-03-03T16:30:40.105358,user_35,merchant_19,38.35,IN,device_186,False,1,0,55.68,IN,[],0,APPROVE
04753a84-3e1c-4468-baf4-30e931a1f9ab,2026-03-05T19:06:40.105358,user_8,merchant_15,159.54,DE,device_97,True,2,2,114.15,DE,[],0,APPROVE
e54543d2-ec75-4bb1-bf7f-9fad22be4b49,2026-02-28T14:39:40.105358,user_43,merchant_2,183.64,IE,device_121,False,2,4,96.66,IE,[],0,APPROVE
662fb77e-82dc-473b-bbe5-5d0446d2325c,2026-03-03T15:48:40.105358,user_11,merchant_3,885.61,DE,device_81,False,5,4,179.42,DE,"['too_many_failed_attempts', 'amount_spike']",2,SEND_TO_ML
0bd1531c-fc27-41c1-890b-43a8fbd8e767,2026-03-03T11:01:40.105358,user_38,merchant_11,201.0,FR,device_184,True,1,1,115.24,FR,[],0,APPROVE
1d3b69a4-75a5-4c22-ba61-e09ecb6324a9,2026-03-02T20:09:40.105358,user_50,merchant_9,37.4,IE,device_52,False,4,2,40.85,IE,['too_many_failed_attempts'],1,SEND_TO_ML
85ab59c8-9c14-407d-9825-e1badeb773f2,2026-03-01T13:36:40.105358,user_16,merchant_7,90.02,FR,device_187,True,1,4,71.48,FR,[],0,APPROVE
1525b3c2-3ca1-4cbf-a932-725efd7552c8,2026-03-01T19:09:40.105358,user_37,merchant_9,514.75,UK,device_198,True,1,1,127.23,UK,"['amount_spike', 'new_device_high_amount']",2,SEND_TO_ML
fd181d57-4729-41e5-bf16-b1e09791dc49,2026-03-05T13:07:40.105358,user_46,merchant_5,312.44,IN,device_73,True,0,1,193.26,IN,[],0,APPROVE
8ed19b7b-af2b-4e1a-87f3-27b5295fcdf8,2026-03-06T12:21:40.105358,user_8,merchant_20,191.58,IE,device_169,True,0,4,113.06,IE,[],0,APPROVE
1500eb1b-ac5f-4b21-a2e1-47e143e20b88,2026-03-02T15:34:40.105358,user_35,merchant_15,61.43,DE,device_133,True,1,4,69.32,FR,['new_country_24h'],1,SEND_TO_ML
fc0de87c-c759-49ca-95b1-63ef84e6bce7,2026-03-01T08:56:40.105358,user_20,merchant_4,33.17,DE,device_188,True,0,4,42.14,DE,[],0,APPROVE
eaecf37f-c65f-4a9e-b0f8-f40f2c2a5f8d,2026-03-05T10:55:40.105358,user_45,merchant_3,226.58,IN,device_73,False,2,4,144.49,IN,[],0,APPROVE
6a4b05c5-0241-4b17-85aa-15e2757a2b62,2026-03-01T23:17:40.105358,user_19,merchant_13,137.54,IE,device_131,True,2,10,103.76,IE,['velocity_spike'],1,SEND_TO_ML
77edc31a-48f3-4384-9afe-2c625d5574a7,2026-03-02T07:33:40.105358,user_45,merchant_8,188.44,IN,device_114,True,2,4,49.83,IN,"['amount_spike', 'new_device_high_amount']",2,SEND_TO_ML
72a05cdc-7cc8-416c-8774-446250c9b602,2026-02-28T11:31:40.105358,user_25,merchant_9,102.19,UK,device_2,False,1,2,95.13,UK,[],0,APPROVE
7cdf78f8-5df1-44c6-9f7c-81ebd94a5a57,2026-03-05T15:20:40.105358,user_43,merchant_11,136.55,UK,device_185,False,1,3,145.67,UK,[],0,APPROVE
5d94e79a-64b5-401e-a789-06706d3c7fca,2026-02-28T04:04:40.105358,user_39,merchant_16,63.36,DE,device_182,True,2,4,67.55,DE,[],0,APPROVE
bb307bbb-a164-48a2-aa20-7d6ae40f657e,2026-03-02T22:08:40.105358,user_48,merchant_11,93.98,FR,device_190,True,0,3,54.82,FR,[],0,APPROVE
4f4a0196-0233-43cb-b4ac-6dcdcdfbf7f7,2026-03-06T13:53:40.105358,user_25,merchant_12,130.83,IN,device_171,True,0,0,89.14,IN,[],0,APPROVE
4425cd22-cb4e-4f1b-980f-df105f7264fa,2026-03-01T20:26:40.105358,user_39,merchant_11,113.56,UK,device_155,True,2,0,180.59,UK,[],0,APPROVE
d66fe173-6744-483b-8452-78ed9985b8bd,2026-03-01T07:26:40.105358,user_50,merchant_12,19.84,UK,device_66,True,0,2,29.44,UK,[],0,APPROVE
a5e071dc-9e17-4592-938a-57d9fe47fa14,2026-03-01T13:57:40.105358,user_42,merchant_15,247.78,IE,device_169,True,2,4,167.01,IE,[],0,APPROVE
758464ee-8edf-441e-8c9a-04b021083365,2026-03-03T14:41:40.105358,user_36,merchant_1,135.31,IE,device_143,True,4,3,33.46,IE,"['too_many_failed_attempts', 'amount_spike', 'new_device_high_amount']",3,STEP_UP
dd366c1d-0c50-47d2-aeae-c83233496d08,2026-02-28T01:28:40.105358,user_34,merchant_6,264.62,UK,device_87,True,1,0,163.88,UK,[],0,APPROVE
98fc914e-36b8-4ae8-9c8f-1d6285a14ba1,2026-02-28T21:15:40.105358,user_50,merchant_14,182.2,IN,device_45,True,0,4,108.37,IN,[],0,APPROVE
2dcf7ecc-1ea4-4264-b27f-e982c6b87b62,2026-02-28T19:51:40.105358,user_9,merchant_12,166.09,FR,device_180,True,1,4,186.95,FR,[],0,APPROVE
015f7455-3eb7-43ec-89fa-5e298cae2ae6,2026-03-05T21:23:40.105358,user_20,merchant_16,54.17,IE,device_52,True,0,4,32.64,IE,[],0,APPROVE
4a08bdb1-c3b3-43c8-81dd-9a7aac7b652c,2026-03-06T06:26:40.105358,user_19,merchant_20,101.8,IN,device_141,False,0,1,99.61,IE,['new_country_24h'],1,SEND_TO_ML
009732bd-6704-4fb2-92d5-8df6fd15f489,2026-03-01T15:48:40.105358,user_19,merchant_17,245.73,DE,device_59,True,1,0,163.64,DE,[],0,APPROVE
949a5bc7-93f0-4eaf-8f02-b7a87e09adf2,2026-03-02T14:12:40.105358,user_32,merchant_20,119.85,UK,device_103,False,0,4,195.05,UK,[],0,APPROVE
ba2a13e8-5faa-47b0-859f-ddace1304f57,2026-03-01T15:11:40.105358,user_37,merchant_13,210.31,UK,device_17,False,2,0,171.83,UK,[],0,APPROVE
1a6f4855-e6dc-4972-b05e-73931bfaf93b,2026-03-04T08:16:40.105358,user_7,merchant_10,65.61,DE,device_23,True,2,4,80.8,DE,[],0,APPROVE
7f135424-47b4-44fb-b7bb-f7fb333ca744,2026-02-28T22:05:40.105358,user_11,merchant_20,162.03,UK,device_141,True,2,3,119.52,UK,[],0,APPROVE
97e3cc5b-a23b-4ba7-b135-89b6fdf99820,2026-03-03T05:46:40.105358,user_4,merchant_1,82.1,IN,device_173,False,0,1,87.81,IN,[],0,APPROVE
83475e8e-5c23-4b88-a1bf-f2e2f39ac0b8,2026-03-01T03:49:40.105358,user_41,merchant_9,42.17,UK,device_1,False,2,1,27.61,UK,[],0,APPROVE
9672170f-da6b-4063-a737-6a94a103b287,2026-02-28T06:49:40.105358,user_10,merchant_1,88.68,IN,device_89,True,2,0,151.0,IN,[],0,APPROVE
3b04691c-182e-420b-9e1b-67be762a7c6b,2026-03-05T02:41:40.105358,user_47,merchant_10,324.61,IN,device_136,False,1,3,165.9,IN,[],0,APPROVE
311b5a4a-7e21-4602-889e-44482a812033,2026-03-02T15:18:40.105358,user_33,merchant_5,85.54,FR,device_14,False,4,4,91.62,FR,['too_many_failed_attempts'],1,SEND_TO_ML
2831a572-ccb0-437d-b5c2-01cf0c443cf7,2026-03-03T08:49:40.105358,user_38,merchant_15,131.1,IE,device_56,True,1,3,83.84,FR,['new_country_24h'],1,SEND_TO_ML
e8b82e8a-35c8-4012-83a8-1f283c9e2b33,2026-02-28T01:04:40.105358,user_13,merchant_10,163.92,IN,device_97,True,1,2,112.61,IN,[],0,APPROVE
b4ba74cd-4bbb-40c1-a6f6-46bc3e6ce05a,2026-03-04T02:48:40.105358,user_21,merchant_19,133.38,IN,device_190,True,1,3,184.6,DE,['new_country_24h'],1,SEND_TO_ML
19431d77-cb34-48d5-83cb-831e058e833e,2026-03-03T09:03:40.105358,user_38,merchant_10,299.85,IN,device_29,False,0,7,183.84,IN,['velocity_spike'],1,SEND_TO_ML
50174f26-0409-48f6-ac1e-22ce1a3c40c9,2026-03-05T21:44:40.105358,user_6,merchant_10,29.75,IE,device_62,False,1,3,53.93,IE,[],0,APPROVE
c529c187-b616-49f2-a160-bd4820fd6003,2026-03-04T05:31:40.105358,user_27,merchant_14,114.03,FR,device_130,True,1,5,98.53,FR,['velocity_spike'],1,SEND_TO_ML
c0c09ed6-8453-424f-be97-53e60f8d9f94,2026-03-06T09:02:40.105358,user_47,merchant_14,116.7,IN,device_167,True,0,2,162.25,IN,[],0,APPROVE
f2415e2a-b15f-4935-bffc-b440af95b46c,2026-02-28T17:27:40.105358,user_46,merchant_10,191.14,FR,device_108,False,0,2,185.6,FR,[],0,APPROVE
202fa381-b2b5-493f-a411-511febff7160,2026-03-06T10:30:40.105358,user_16,merchant_14,184.24,IE,device_180,False,1,0,178.33,IE,[],0,APPROVE
86c67b2d-7344-49dd-adc8-6d87838285d7,2026-03-05T15:48:40.105358,user_45,merchant_17,105.46,UK,device_184,True,2,2,145.46,UK,[],0,APPROVE
7a557cd8-d624-4e4a-9b3f-b433360d30fe,2026-03-04T03:05:40.105358,user_39,merchant_20,115.13,UK,device_177,False,0,5,70.28,UK,['velocity_spike'],1,SEND_TO_ML
54f2ea0a-c03a-472d-b30f-9bb15cc7e2bc,2026-03-02T01:44:40.105358,user_18,merchant_19,76.84,FR,device_104,True,1,2,68.69,FR,[],0,APPROVE
3e05b125-b611-41c4-b049-659adbb7f605,2026-03-06T07:20:40.105358,user_2,merchant_5,51.37,UK,device_154,False,2,7,53.05,UK,['velocity_spike'],1,SEND_TO_ML
61b7d29b-b57c-4b5b-ad7c-072e7a016583,2026-03-04T19:56:40.105358,user_12,merchant_1,40.14,IN,device_95,True,1,2,56.31,IN,[],0,APPROVE
4d2bb46e-c3e1-44a9-b558-97bd9142d92f,2026-02-28T09:51:40.106413,user_34,merchant_18,76.67,FR,device_198,True,0,0,88.42,FR,[],0,APPROVE
f299a2c8-8cf5-4abc-88c3-e832d024ba92,2026-03-05T10:16:40.106413,user_20,merchant_12,153.71,UK,device_8,False,0,8,149.93,UK,['velocity_spike'],1,SEND_TO_ML
19293c57-aaa2-45aa-91c4-b99f5d745800,2026-03-05T13:09:40.106413,user_39,merchant_17,306.36,IN,device_96,False,1,0,188.5,IN,[],0,APPROVE
73cc49a4-a9f5-4448-a205-b300ca99e5ff,2026-03-03T08:27:40.106413,user_14,merchant_7,44.75,UK,device_30,False,1,0,53.13,UK,[],0,APPROVE
2361c34a-0b3b-4874-bd97-bed2e0b4289a,2026-03-04T13:45:40.106413,user_43,merchant_2,106.82,IE,device_63,False,3,0,75.47,DE,"['new_country_24h', 'too_many_failed_attempts']",2,SEND_TO_ML
fc7a6e70-b8ce-43d7-a513-6e69f66a8739,2026-03-02T08:39:40.106413,user_28,merchant_7,73.58,FR,device_127,True,2,2,107.12,FR,[],0,APPROVE
9ca63c15-c681-43fc-a08a-c84baae6dd04,2026-02-28T09:50:40.106413,user_22,merchant_6,117.06,IE,device_146,False,1,2,72.31,IE,[],0,APPROVE
02f76bfc-b352-4184-897b-1b92a19c831e,2026-02-28T16:31:40.106413,user_11,merchant_3,109.05,UK,device_112,True,2,4,145.13,UK,[],0,APPROVE
c7479cc0-69a3-46ae-8884-98e04b3fa592,2026-03-02T09:21:40.106413,user_35,merchant_20,164.61,IN,device_61,True,1,10,137.82,UK,"['new_country_24h', 'velocity_spike']",2,SEND_TO_ML
0a4f331a-36e4-40aa-b1b3-3a641f5aa1f9,2026-02-27T23:44:40.106413,user_3,merchant_18,116.01,IE,device_109,False,2,3,68.48,UK,['new_country_24h'],1,SEND_TO_ML
ddbc6505-4324-41e5-b930-f7fc5d8b853e,2026-02-28T05:45:40.106413,user_40,merchant_2,189.14,UK,device_34,False,0,3,172.9,UK,[],0,APPROVE
b0d75a3e-829c-4f94-8e42-aeab69be9d7b,2026-03-02T16:31:40.106413,user_40,merchant_11,135.2,FR,device_138,True,1,4,97.8,FR,[],0,APPROVE
7fa869bd-8205-45cc-b537-7671aa03f206,2026-03-01T15:04:40.106413,user_7,merchant_2,299.38,FR,device_6,False,2,2,189.5,FR,[],0,APPROVE
7f1c9c8a-1497-4132-bd25-58ee12726e66,2026-03-04T09:22:40.106413,user_4,merchant_2,82.04,IN,device_168,True,2,3,124.54,IN,[],0,APPROVE
8b91acfb-bdf9-42dc-97d7-75c88d9b0330,2026-03-05T03:11:40.106413,user_25,merchant_20,180.98,FR,device_56,True,1,2,118.15,FR,[],0,APPROVE
22ad3097-37bd-4abb-92fc-a784107a3007,2026-03-01T17:06:40.106413,user_2,merchant_12,202.91,FR,device_24,True,1,2,152.8,FR,[],0,APPROVE
98d34fe1-5cab-4e6f-b665-722a71a26bca,2026-03-05T00:30:40.106413,user_38,merchant_11,52.72,FR,device_29,False,2,2,52.99,IN,['new_country_24h'],1,SEND_TO_ML
ae9f7f82-5b52-44f6-b753-456b121a1823,2026-03-04T08:22:40.106413,user_4,merchant_7,58.65,DE,device_194,True,6,3,59.45,DE,['too_many_failed_attempts'],1,SEND_TO_ML
51faccd7-b95e-4c65-97f0-18f9b9febbc9,2026-02-28T00:56:40.106413,user_46,merchant_6,80.28,IN,device_67,True,0,1,78.47,IN,[],0,APPROVE
b57e50c1-9327-422b-a757-9ea424e01b98,2026-03-02T03:19:40.106413,user_1,merchant_18,49.17,IN,device_27,True,1,0,40.84,IN,[],0,APPROVE
0df12269-5229-4357-8c93-d52326ba8eec,2026-02-28T16:15:40.106413,user_25,merchant_2,91.02,UK,device_85,True,2,1,45.83,UK,[],0,APPROVE
b62a9fdb-5703-411f-8320-822d55f23805,2026-03-04T09:44:40.106413,user_38,merchant_2,136.93,DE,device_146,False,0,4,121.35,DE,[],0,APPROVE
69a91012-0a59-4b4d-ad95-db586dbd0505,2026-03-05T03:22:40.106413,user_14,merchant_19,717.01,IN,device_166,False,1,0,164.06,IN,['amount_spike'],1,SEND_TO_ML
ed5b206a-72de-43d3-b975-98efab7fdee6,2026-03-06T12:04:40.106413,user_21,merchant_10,140.33,IE,device_87,False,0,3,121.16,IE,[],0,APPROVE
176fa80a-f8f1-4fd3-9122-c7d31655f9e5,2026-03-02T00:03:40.106413,user_7,merchant_14,65.35,IN,device_170,False,0,1,91.86,IN,[],0,APPROVE
1b97e889-67d5-4bff-9557-16791c5a563a,2026-02-28T13:11:40.106413,user_28,merchant_18,80.43,IE,device_117,False,0,4,106.82,IN,['new_country_24h'],1,SEND_TO_ML
dd97328c-0f27-4c16-b3f3-776e661aab09,2026-03-06T11:13:40.106413,user_42,merchant_5,253.67,UK,device_103,True,1,2,56.04,UK,"['amount_spike', 'new_device_high_amount']",2,SEND_TO_ML
029a082b-ba00-4eb9-82d9-293262706840,2026-03-01T05:23:40.106413,user_45,merchant_6,770.58,FR,device_68,True,0,10,168.89,FR,"['amount_spike', 'velocity_spike', 'new_device_high_amount']",3,STEP_UP
ef6cd653-6b7a-45ee-addd-4728e08c1fd1,2026-03-04T04:30:40.106413,user_19,merchant_9,128.59,UK,device_44,False,0,4,71.51,UK,[],0,APPROVE
753630a7-22be-4b8f-9db4-df3d91a1b98c,2026-03-02T01:53:40.106413,user_32,merchant_3,60.19,UK,device_196,True,6,0,35.19,UK,['too_many_failed_attempts'],1,SEND_TO_ML
d37653e7-6b2c-44f7-bdb9-b13418510691,2026-03-01T18:22:40.106413,user_38,merchant_6,164.35,FR,device_152,False,0,4,199.44,FR,[],0,APPROVE
1e224400-8119-422e-93cc-40ab29635ca1,2026-03-01T04:22:40.106413,user_26,merchant_1,118.1,UK,device_133,False,5,4,163.55,DE,"['new_country_24h', 'too_many_failed_attempts']",2,SEND_TO_ML
96748dc7-1da7-4d96-8e1f-967c6daca0b2,2026-03-04T19:35:40.106413,user_9,merchant_8,180.07,IE,device_94,True,1,0,112.68,IE,[],0,APPROVE
c7b00eb0-2a70-4ef4-ac23-a56c0edb5764,2026-02-28T15:38:40.106413,user_20,merchant_5,90.0,IE,device_176,False,1,3,118.93,IE,[],0,APPROVE
b5bd0982-d91b-49eb-a6bc-5ef4a9031411,2026-02-28T21:07:40.106413,user_50,merchant_8,280.03,IN,device_113,False,1,2,163.46,IE,['new_country_24h'],1,SEND_TO_ML
6f571f1f-eda8-40c5-9347-cc858f07d748,2026-03-01T19:02:40.106413,user_33,merchant_14,31.38,IE,device_145,True,0,0,53.75,IE,[],0,APPROVE
a82d69de-df5d-43cf-b70a-8ec8b2497824,2026-03-05T13:28:40.106413,user_34,merchant_14,501.14,UK,device_173,False,0,3,153.53,DE,"['new_country_24h', 'amount_spike']",2,SEND_TO_ML
fce6cf59-af02-49c5-a369-54b5a4f48604,2026-03-04T08:03:40.106413,user_45,merchant_19,226.57,FR,device_43,True,0,1,160.0,FR,[],0,APPROVE
2ad06ba5-b723-463f-af8b-082baf2cb3f3,2026-02-28T10:01:40.106413,user_24,merchant_1,169.7,FR,device_36,True,1,2,188.94,FR,[],0,APPROVE
6fabb31e-7cad-4a24-b960-da69b18525e8,2026-03-04T22:09:40.106413,user_10,merchant_17,107.89,DE,device_47,False,1,0,95.32,DE,[],0,APPROVE
ff3efdec-4ed2-4033-8ea4-6df04ad33f24,2026-03-03T04:59:40.106413,user_11,merchant_8,234.12,FR,device_79,False,2,3,48.79,FR,['amount_spike'],1,SEND_TO_ML
d2396203-75f0-4171-8111-d01ee6fe12a5,2026-03-01T01:38:40.106413,user_23,merchant_14,66.87,UK,device_38,True,1,1,55.05,UK,[],0,APPROVE
d6b6a885-70ea-4594-bb82-6263740cdf99,2026-02-27T18:27:40.106413,user_27,merchant_12,47.16,IE,device_118,False,1,0,42.41,UK,['new_country_24h'],1,SEND_TO_ML
41de8eb7-496c-4a79-8f36-0492248148c2,2026-03-06T01:10:40.106413,user_47,merchant_1,110.13,FR,device_64,False,2,4,172.6,FR,[],0,APPROVE
c7846330-007a-43cc-99a6-0a15a1e39bde,2026-03-01T04:28:40.106413,user_25,merchant_14,63.23,IE,device_189,True,1,2,75.05,IE,[],0,APPROVE
cdcd0cdf-47f3-4e3c-a217-7fb362232327,2026-03-01T18:32:40.106413,user_12,merchant_18,111.64,IN,device_51,True,0,3,82.62,IN,[],0,APPROVE
329d600e-ba77-4948-842c-d74b606f988a,2026-03-01T15:39:40.106413,user_47,merchant_10,138.32,FR,device_61,False,3,3,76.56,FR,['too_many_failed_attempts'],1,SEND_TO_ML
85809517-3af6-4e42-9696-45193bdd183b,2026-03-04T11:10:40.106413,user_27,merchant_8,85.87,FR,device_113,True,2,4,49.59,FR,[],0,APPROVE
79d9c6df-0721-44e9-8357-90c8bc607f8b,2026-03-04T22:31:40.106413,user_45,merchant_20,54.43,IN,device_200,True,0,1,65.95,IN,[],0,APPROVE
6fd6f3d3-65bb-4796-b449-d9b8c0207830,2026-03-01T22:11:40.106413,user_50,merchant_16,92.84,FR,device_186,False,1,1,75.09,FR,[],0,APPROVE
9407088d-23ab-4a3b-961e-1e0c51cf6bae,2026-03-01T00:01:40.106413,user_18,merchant_18,59.35,UK,device_199,True,1,3,50.04,UK,[],0,APPROVE
d9daafff-8ee0-4c74-b22c-d8b48c0773a2,2026-03-05T16:07:40.106413,user_8,merchant_20,19.81,IN,device_163,False,0,3,24.98,IN,[],0,APPROVE
080f62d8-05c0-4536-92df-e1e87ee89c80,2026-03-01T00:04:40.106413,user_48,merchant_19,181.73,UK,device_149,False,2,0,120.4,UK,[],0,APPROVE
ad4005f9-fd03-4057-ac97-a766a2a770b4,2026-02-28T04:09:40.106413,user_29,merchant_19,155.45,DE,device_2,False,1,0,149.23,DE,[],0,APPROVE
9daba3e6-9453-4b01-8faa-472cfd7cfbb1,2026-03-03T13:26:40.106413,user_21,merchant_20,236.06,DE,device_10,False,2,2,191.73,DE,[],0,APPROVE
363c7820-6328-4dac-bbb5-2f959473fa40,2026-03-01T15:07:40.106413,user_18,merchant_14,148.15,IE,device_156,False,0,3,178.48,IE,[],0,APPROVE
81d7364f-8b4f-4e4f-8eed-2e9cf69f02f6,2026-03-03T01:25:40.106413,user_50,merchant_11,182.49,IE,device_84,False,0,2,130.75,IE,[],0,APPROVE
69ad781d-41b0-4f82-ae1b-f93952a64569,2026-03-05T04:04:40.106413,user_13,merchant_16,177.79,IN,device_48,True,2,0,144.26,IN,[],0,APPROVE
30f7ec91-05d6-4e77-8aaf-92ccc6aaa2bc,2026-02-27T23:50:40.106413,user_6,merchant_5,61.35,UK,device_92,False,0,4,47.24,UK,[],0,APPROVE
a5e18c72-d2dd-496c-a30f-1a0fe80bccb1,2026-03-06T10:36:40.106413,user_13,merchant_11,237.42,DE,device_8,True,0,3,121.3,DE,[],0,APPROVE
b4f66e00-f5da-44c0-a67c-4b5b02c70580,2026-03-02T17:03:40.106413,user_39,merchant_9,192.68,IN,device_112,False,2,0,146.68,IN,[],0,APPROVE
2187ea76-a5d0-4282-8fa9-db5e0f3a9586,2026-03-01T11:54:40.106413,user_25,merchant_13,43.46,IN,device_164,True,0,3,48.31,IN,[],0,APPROVE
0ffa5858-e60c-4479-ab81-381119b5cd1d,2026-02-28T20:52:40.106413,user_13,merchant_17,53.5,IN,device_155,False,2,2,72.48,IN,[],0,APPROVE
7c72e484-956b-4214-ab33-c36a191a124e,2026-03-03T11:01:40.106413,user_2,merchant_18,123.07,FR,device_194,True,2,3,99.84,FR,[],0,APPROVE
a90ed82b-9df0-4a51-bc81-bd903e4ebc1f,2026-03-06T03:53:40.106413,user_14,merchant_2,39.48,FR,device_58,True,1,3,52.48,FR,[],0,APPROVE
d9ec013e-ddaa-433b-b388-d1858b2cd90b,2026-03-02T13:39:40.106413,user_24,merchant_7,188.49,DE,device_80,False,5,0,127.41,FR,"['new_country_24h', 'too_many_failed_attempts']",2,SEND_TO_ML
2663822a-5421-40e3-8ebc-244906d5c2d6,2026-03-05T19:19:40.106413,user_38,merchant_8,55.01,IE,device_4,False,1,0,91.24,DE,['new_country_24h'],1,SEND_TO_ML
e0071e21-d801-4746-840a-2b4665f2a643,2026-02-28T21:16:40.106413,user_10,merchant_8,45.31,IE,device_7,False,0,3,85.55,IE,[],0,APPROVE
5d6d88ee-18a3-4783-9fb5-f3827d6677d9,2026-03-05T21:06:40.106413,user_7,merchant_20,167.92,IE,device_148,False,5,0,121.49,IE,['too_many_failed_attempts'],1,SEND_TO_ML
2398e88b-59a7-4bb7-a8c5-1ed950f6b757,2026-02-27T22:52:40.106413,user_23,merchant_15,64.58,IN,device_86,True,1,1,99.78,IN,[],0,APPROVE
0627cb6f-6ab1-4eeb-8b78-f1a647dd549d,2026-03-01T02:14:40.106413,user_44,merchant_9,265.03,FR,device_5,True,2,0,174.51,FR,[],0,APPROVE
b5abadf3-7588-4320-a1b3-c1064c09a4f6,2026-03-06T12:03:40.106413,user_39,merchant_11,63.84,IE,device_65,True,0,0,110.84,IE,[],0,APPROVE
046f4822-88e5-437d-affc-535fe24aad61,2026-02-27T20:51:40.106413,user_2,merchant_7,157.73,IN,device_155,True,1,0,121.53,IN,[],0,APPROVE
1eda97f0-9dbf-4414-b2eb-f93c19f279ec,2026-03-01T06:28:40.106413,user_38,merchant_5,39.27,FR,device_71,False,2,0,31.95,FR,[],0,APPROVE
10d4349f-6cf5-4650-92ba-b95bf9b7075f,2026-02-28T21:15:40.106413,user_48,merchant_1,148.75,IE,device_61,True,1,0,93.44,IE,[],0,APPROVE
f0fce17a-5320-4ea7-ad9d-a6ef0192221b,2026-03-02T00:45:40.106413,user_21,merchant_11,174.86,IN,device_174,False,0,2,94.37,IN,[],0,APPROVE
896f4fe9-b73b-48af-a134-ed643b2b94b0,2026-03-04T15:59:40.106413,user_31,merchant_19,183.32,FR,device_146,True,1,3,162.47,FR,[],0,APPROVE
e1ce87d0-ad0e-4a91-9cb7-64fb01b641c2,2026-03-04T08:34:40.106413,user_14,merchant_6,139.16,UK,device_75,True,1,0,35.78,UK,"['amount_spike', 'new_device_high_amount']",2,SEND_TO_ML
62a6983d-2e83-4953-a3aa-238f2b0ec4bb,2026-03-02T14:28:40.106413,user_32,merchant_3,39.05,DE,device_43,True,0,4,58.28,DE,[],0,APPROVE
714a0e35-f222-4642-be89-68f6d29062e1,2026-03-01T23:51:40.106413,user_35,merchant_12,71.36,IE,device_116,False,1,3,81.5,IE,[],0,APPROVE
7923d898-c32e-44df-809f-2c14232b65fc,2026-03-04T07:39:40.106413,user_38,merchant_4,218.54,IN,device_177,True,0,3,113.21,IN,[],0,APPROVE
a378194b-f0d3-4c38-b1db-7723e92ed474,2026-03-02T13:04:40.106413,user_6,merchant_19,183.65,UK,device_28,True,0,4,105.14,UK,[],0,APPROVE
3c11d354-04a8-47bb-86f1-0498ae57e79c,2026-02-28T12:41:40.106413,user_46,merchant_9,89.03,FR,device_126,False,1,1,160.02,FR,[],0,APPROVE
9014a9cc-00cc-4d14-bd4b-3f38abc8a65f,2026-02-28T02:01:40.106413,user_1,merchant_2,136.95,UK,device_47,False,0,2,165.27,UK,[],0,APPROVE
13e4adc6-ff49-4ffb-8fe2-b3ec1084de33,2026-02-27T21:26:40.106413,user_32,merchant_1,131.87,FR,device_103,True,1,1,69.22,FR,[],0,APPROVE
2ae43f6e-44da-434c-84d3-52c56324cad2,2026-03-06T05:07:40.106413,user_40,merchant_6,74.57,DE,device_2,False,1,0,46.88,IE,['new_country_24h'],1,SEND_TO_ML
5edf7c88-a947-4b5e-be22-2006bdfef637,2026-03-05T19:38:40.106413,user_39,merchant_4,154.33,DE,device_79,False,5,3,134.64,DE,['too_many_failed_attempts'],1,SEND_TO_ML
68ecf371-5b8b-44d4-9593-849ae95105ca,2026-02-27T21:13:40.106413,user_34,merchant_14,63.52,UK,device_184,True,1,0,20.34,UK,"['amount_spike', 'new_device_high_amount']",2,SEND_TO_ML
682d173e-b5f9-4a8c-b794-154c841f9833,2026-03-06T07:53:40.106413,user_26,merchant_2,150.09,IN,device_82,False,1,7,82.0,IN,['velocity_spike'],1,SEND_TO_ML
7d3e9889-a6da-4f78-ad34-b34f6817d863,2026-03-03T03:50:40.106413,user_49,merchant_3,272.98,FR,device_144,True,1,8,147.55,FR,['velocity_spike'],1,SEND_TO_ML
d19ea4a7-d5f5-4a2d-b91c-1519b0d45dc0,2026-02-27T17:56:40.106413,user_46,merchant_2,151.79,IN,device_38,False,2,2,160.14,IE,['new_country_24h'],1,SEND_TO_ML
84d36de6-7c0c-4158-8846-c549f958b7fa,2026-03-02T02:17:40.106413,user_26,merchant_2,93.04,DE,device_159,False,0,1,84.79,DE,[],0,APPROVE
6203d44d-6d25-467c-a1c4-c97936a4e33f,2026-03-06T11:22:40.106413,user_44,merchant_15,177.96,IE,device_12,True,1,1,100.67,UK,['new_country_24h'],1,SEND_TO_ML
9bb1cce6-f6bc-477f-928f-317b6c2977d2,2026-03-02T05:52:40.106413,user_23,merchant_6,168.28,UK,device_153,True,1,1,164.23,UK,[],0,APPROVE
ad15878b-adc1-4a1a-865b-4d5f82d82852,2026-03-02T17:39:40.107471,user_3,merchant_7,62.86,FR,device_73,True,0,0,44.41,FR,[],0,APPROVE
63f5e16c-82cc-4156-83a8-bad476ddcb71,2026-03-02T12:13:40.107471,user_15,merchant_15,123.5,DE,device_51,False,2,3,80.94,DE,[],0,APPROVE
ec23ad55-0a47-4a50-bafe-3a879e9294e7,2026-03-03T00:26:40.107471,user_26,merchant_6,17.28,UK,device_65,False,2,2,23.35,UK,[],0,APPROVE
3792f452-b3ba-465b-934d-2b7b7f43defc,2026-03-02T12:13:40.107471,user_7,merchant_4,107.2,IE,device_137,True,0,2,86.65,IE,[],0,APPROVE
3b90ed7a-6444-41f1-9113-180c2d9b08b5,2026-03-06T07:14:40.107471,user_24,merchant_5,82.56,IN,device_137,False,1,4,110.58,IN,[],0,APPROVE
ac6834c9-3387-4873-b83f-d927fed95896,2026-03-02T02:32:40.107471,user_9,merchant_14,187.97,UK,device_179,False,1,1,95.55,IN,['new_country_24h'],1,SEND_TO_ML
67b835f0-a6f1-4735-a2c1-8d08de552c36,2026-03-05T08:58:40.107471,user_10,merchant_18,118.41,IN,device_162,False,1,4,148.34,IN,[],0,APPROVE
fc06e9d7-6fb0-4902-b82a-ed92992eff27,2026-03-01T03:32:40.107471,user_17,merchant_5,88.89,IN,device_70,True,0,1,155.98,IN,[],0,APPROVE
f959c1f0-760d-4d9d-8a16-004ee72d7426,2026-03-04T14:15:40.107471,user_11,merchant_13,136.46,FR,device_99,False,0,0,119.97,DE,['new_country_24h'],1,SEND_TO_ML
1106bd42-e17f-446e-99d5-cf7b85665b65,2026-03-03T11:08:40.107471,user_20,merchant_10,93.89,UK,device_146,True,2,6,55.81,UK,['velocity_spike'],1,SEND_TO_ML
fbf7b647-1acd-4a28-b2c1-0d715944674a,2026-02-27T23:27:40.107471,user_36,merchant_17,232.63,FR,device_182,False,2,1,121.2,FR,[],0,APPROVE
9403342d-8228-46ab-a6d6-a0d5a28ccf71,2026-03-03T04:34:40.107471,user_14,merchant_3,273.34,DE,device_162,True,0,1,138.7,DE,[],0,APPROVE
dad38830-05d6-468d-b6db-9df6cd890fa8,2026-03-02T04:21:40.107471,user_31,merchant_8,62.78,DE,device_199,True,2,3,37.68,DE,[],0,APPROVE
1a1df5b1-c374-4856-ae64-f31b41f8b483,2026-03-01T04:50:40.107471,user_43,merchant_9,135.59,UK,device_162,True,2,3,190.54,UK,[],0,APPROVE
481adb2d-e848-480e-a920-93714a0fd791,2026-03-02T08:40:40.107471,user_24,merchant_16,213.9,FR,device_107,True,1,2,151.77,FR,[],0,APPROVE
1f2f3f76-3dfa-43c0-b43c-89300ef67797,2026-03-01T23:07:40.107471,user_12,merchant_17,334.34,FR,device_83,False,1,4,176.5,FR,[],0,APPROVE
bf2d7ed1-b2a0-4b6a-943c-5c6e3e5b9ff3,2026-03-04T08:35:40.107471,user_31,merchant_7,214.78,IN,device_190,False,1,0,116.71,IN,[],0,APPROVE
47564aaa-1f0c-4334-8614-06729c5ffa61,2026-03-04T16:08:40.107471,user_30,merchant_10,280.71,FR,device_20,False,2,3,181.19,FR,[],0,APPROVE
97a7c442-2c60-41e8-9683-45cdb978705f,2026-03-03T11:05:40.107471,user_20,merchant_18,132.84,DE,device_43,True,6,3,150.49,DE,['too_many_failed_attempts'],1,SEND_TO_ML
8c5a2772-bbd8-4db8-aca8-999ad1f27335,2026-02-28T09:12:40.107471,user_31,merchant_13,187.32,IN,device_33,True,2,4,126.13,IN,[],0,APPROVE
7fc8b739-e593-4cb2-9dcc-c37f0f2898cc,2026-03-02T08:11:40.107471,user_47,merchant_19,112.52,DE,device_7,True,6,3,74.43,DE,['too_many_failed_attempts'],1,SEND_TO_ML
00351521-5d23-4a4c-aaae-362747fc0623,2026-03-01T09:36:40.107471,user_50,merchant_15,38.13,UK,device_55,True,1,4,65.46,UK,[],0,APPROVE
6171d309-9b2f-4fe7-a8e5-6dddf71d343c,2026-03-01T10:58:40.107471,user_9,merchant_19,167.26,IE,device_157,True,2,1,135.97,IE,[],0,APPROVE
e0f7cd4d-13e6-4b88-99e6-605d5ae20db1,2026-02-28T19:45:40.107471,user_20,merchant_14,167.13,UK,device_53,True,1,4,197.3,IE,['new_country_24h'],1,SEND_TO_ML
aa0ec9e4-106f-400c-ad31-484c7008dbca,2026-03-02T03:45:40.107471,user_37,merchant_19,250.93,DE,device_90,False,1,4,176.63,DE,[],0,APPROVE
